USB_V,USB_A,USB_W,Int_Accel,Ext_Accel,Net_Traffic,RF_Density,Sys_Temp,Label
4.902,1.981,9.711,2.4199,2.5969,133.654,-30.5,86.1,Yes
5.005,0.474,2.331,0.2851,0.1889,6.599,-59.5,47.8,No
4.904,1.857,9.094,2.3034,2.9472,76.567,-26.1,90.4,Yes
5.064,0.159,0.808,0.016,0.0538,1.362,-91.8,36.9,No
4.986,2.004,9.887,2.1961,2.0433,59.494,-40.6,75.8,Yes
5.055,0.123,0.627,0.2675,0.1015,6.428,-79.6,46.8,No
5.039,0.464,2.325,0.3439,0.1876,7.035,-58.1,51.7,No
4.968,2.527,12.53,2.8747,2.9543,123.972,-15.5,81.7,Yes
5.027,0.087,0.451,0.017,0.0297,0.92,-88.4,37.6,No
5.002,1.34,6.637,2.3314,2.314,81.4,-36.5,71.0,Yes
4.905,1.767,8.618,3.0727,2.9998,111.279,-18.5,84.7,Yes
5.045,0.124,0.638,0.1155,0.0542,1.401,-76.5,36.4,No
5.0,0.426,2.114,0.2497,0.1421,3.335,-72.6,42.9,No
4.928,2.098,10.441,3.0223,3.3288,112.522,-11.0,83.6,Yes
4.988,0.909,4.466,0.5167,0.8043,36.267,-33.6,67.5,Yes
5.049,0.299,1.479,0.1337,0.0899,1.224,-73.9,41.6,No
5.014,0.17,0.866,0.21,0.1517,6.523,-64.9,42.1,No
5.04,0.028,0.135,0.1055,0.015,2.246,-98.6,38.6,No
5.005,1.268,6.426,0.7861,0.4552,13.856,-53.0,71.4,Yes
4.968,1.309,6.5,1.9833,1.2024,67.374,-46.0,73.4,Yes
5.05,0.046,0.221,0.0467,0.0182,1.912,-77.9,34.7,No
5.047,0.035,0.186,0.0548,0.0416,2.869,-96.4,36.0,No
5.04,0.399,2.018,0.0904,0.1382,1.784,-79.2,42.6,No
4.957,2.419,12.033,2.7091,3.865,134.235,-22.5,83.2,Yes
4.99,0.525,2.634,0.2262,0.2193,6.275,-59.9,48.0,No
5.04,1.273,6.315,0.7367,0.4862,24.71,-60.8,54.5,Yes
4.966,1.551,7.688,1.3588,1.8832,42.68,-30.0,79.7,Yes
5.053,0.522,2.658,0.3019,0.1581,6.988,-65.0,47.7,No
5.057,0.052,0.292,0.0363,0.0365,2.183,-90.4,33.5,No
5.018,0.442,2.232,0.3366,0.2835,6.29,-63.4,53.6,No
5.009,0.43,2.137,0.1201,0.1121,1.298,-69.2,41.6,No
4.906,3.014,14.602,3.372,3.3339,134.263,-21.1,72.6,Yes
5.018,0.358,1.805,0.0741,0.1791,7.074,-65.0,39.3,No
5.004,0.758,3.765,0.3882,0.4233,18.752,-41.8,58.0,Yes
5.05,0.06,0.306,0.0902,0.0454,1.42,-92.8,40.5,No
5.065,0.206,1.042,0.246,0.1122,2.464,-65.4,43.4,No
4.89,1.59,7.738,2.407,2.3999,141.054,-16.6,85.8,Yes
5.082,0.092,0.489,0.1003,0.0148,1.072,-96.2,39.8,No
5.042,0.172,0.88,0.0567,0.0188,1.478,-83.5,37.2,No
5.036,0.394,1.985,0.2352,0.1715,7.37,-67.4,50.0,No
5.015,0.074,0.371,0.0318,0.0204,2.707,-86.3,36.8,No
5.05,0.165,0.846,0.0007,0.0399,2.197,-84.0,36.6,No
5.055,0.189,0.95,0.0916,0.0091,1.656,-89.6,40.8,No
5.014,0.184,0.921,0.1926,0.0539,4.866,-78.6,48.2,No
5.0,0.554,2.799,0.4201,0.558,19.188,-30.2,64.0,No
4.98,1.201,5.986,0.3809,0.828,11.818,-48.8,63.7,No
4.937,1.456,7.213,2.0336,1.6821,62.209,-34.3,70.4,Yes
5.052,0.016,0.107,0.0386,0.0791,1.062,-93.2,31.2,No
4.986,2.0,9.991,1.9606,1.8989,68.75,-19.0,75.4,Yes
5.013,1.121,5.595,0.5682,0.5955,22.312,-58.5,54.6,No
5.029,0.139,0.691,0.1062,0.1634,5.142,-61.0,43.1,No
4.902,1.785,8.791,2.7586,2.925,95.442,-28.3,78.3,Yes
5.072,0.027,0.124,0.08,0.0775,1.074,-83.7,34.5,No
4.949,1.468,7.332,2.3753,1.1101,75.704,-42.4,75.3,Yes
5.028,0.149,0.749,0.1097,0.0778,1.363,-79.5,30.0,No
4.994,1.172,5.831,0.8337,0.3436,26.792,-49.8,60.3,Yes
5.024,0.408,2.034,0.3095,0.285,6.202,-48.4,47.3,No
5.006,0.384,1.923,0.0853,0.1699,2.589,-75.7,47.5,No
5.015,1.494,7.501,2.4223,2.0572,44.221,-43.3,77.3,Yes
5.021,0.136,0.677,0.1636,0.1874,5.982,-75.7,36.6,No
5.051,0.339,1.753,0.0386,0.0344,2.718,-47.8,52.0,No
5.018,0.088,0.446,0.0241,0.0521,0.5,-85.0,40.6,No
5.048,0.312,1.59,0.1726,0.0864,3.075,-82.2,48.6,No
5.053,0.035,0.167,0.0352,0.024,2.793,-93.7,31.0,No
5.064,0.058,0.298,0.0515,0.0007,2.506,-88.5,41.7,No
4.998,0.522,2.622,0.3199,0.2746,6.791,-67.6,51.3,No
4.993,0.442,2.183,0.2582,0.199,7.726,-60.4,44.7,No
5.029,0.766,3.874,0.8297,0.5485,24.663,-30.0,67.0,No
5.008,1.091,5.46,0.8052,0.7577,40.944,-57.8,53.5,No
5.039,0.071,0.35,0.0086,0.0802,2.632,-96.3,36.3,No
4.909,1.847,9.133,2.6969,2.9022,80.319,-10.3,81.9,Yes
4.995,1.614,8.157,1.921,1.179,51.702,-40.7,76.2,Yes
4.98,0.859,4.37,0.6525,0.6833,26.583,-34.8,65.4,Yes
4.893,2.405,11.65,3.7648,2.8746,75.487,-11.9,93.7,Yes
5.052,0.147,0.755,0.0736,0.0262,2.169,-87.4,38.2,No
5.041,0.247,1.335,0.0654,0.0332,7.077,-70.0,42.2,No
4.927,1.703,8.429,2.4233,3.6184,109.809,-23.7,80.4,Yes
4.965,1.922,9.513,2.3342,1.211,50.326,-35.4,78.5,Yes
4.956,2.504,12.386,2.9471,2.4719,142.936,-15.1,73.4,Yes
4.972,1.542,7.657,2.0241,1.4388,85.521,-37.5,63.5,Yes
4.884,2.11,10.408,2.4038,2.8887,125.575,-19.3,92.0,Yes
4.883,2.673,12.853,3.8004,2.8182,108.302,-32.5,85.7,Yes
5.04,0.426,2.187,0.2328,0.0826,7.266,-75.5,45.6,No
4.917,2.438,11.969,2.5297,3.634,101.902,-14.8,83.6,Yes
4.918,2.227,11.021,3.3673,3.5884,87.079,-19.1,83.1,Yes
5.03,0.176,0.892,0.1188,0.0037,0.733,-80.7,40.3,No
4.951,1.887,9.384,1.5729,2.1035,58.355,-28.3,76.4,Yes
4.99,0.467,2.348,0.3066,0.2503,7.429,-61.8,51.0,No
4.977,1.995,9.901,1.966,1.3851,68.351,-35.9,74.5,Yes
5.026,1.131,5.744,0.7737,0.3469,27.982,-54.9,61.9,Yes
5.044,0.065,0.317,0.1196,0.0697,1.482,-107.5,33.6,No
5.004,0.486,2.452,0.3254,0.2005,6.827,-69.9,53.3,No
4.998,1.97,9.902,2.3132,1.1201,51.467,-19.9,75.1,Yes
5.016,0.458,2.278,0.2363,0.2381,6.817,-64.0,55.0,No
4.868,2.917,14.2,3.8746,3.3,109.964,-15.3,84.7,Yes
5.061,0.099,0.516,0.0056,0.0476,1.913,-91.2,34.9,No
4.992,1.672,8.374,1.596,2.2637,72.792,-46.7,81.3,Yes
4.922,2.51,12.329,2.1562,2.0186,111.616,-12.4,91.1,Yes
5.036,0.091,0.424,0.0921,0.0245,1.666,-98.6,33.4,No
4.889,2.252,11.013,2.3053,4.2471,92.308,-25.3,77.4,Yes
4.92,1.843,8.996,2.0529,3.1533,98.048,-21.2,83.4,Yes
5.059,0.04,0.217,0.018,0.0252,1.96,-97.1,36.4,No
5.06,0.14,0.708,0.1769,0.0482,1.604,-58.3,45.2,No
5.03,0.728,3.666,0.7555,0.8222,15.397,-39.1,65.1,No
5.01,0.465,2.357,0.2995,0.1919,5.83,-61.7,49.5,No
5.048,0.171,0.875,0.1197,0.0355,5.546,-85.8,40.3,No
4.891,2.549,12.425,3.233,3.1993,107.052,-41.0,82.1,Yes
5.056,0.137,0.679,0.0355,0.022,2.318,-90.2,34.0,No
5.04,0.026,0.148,0.0646,0.0729,2.157,-96.3,39.5,No
5.031,1.009,5.125,0.6375,0.4459,33.022,-65.0,66.7,No
5.018,0.55,2.749,0.4784,0.7311,28.297,-61.2,63.6,Yes
5.06,0.142,0.72,0.0263,0.0531,2.012,-88.8,40.7,No
5.007,0.604,2.984,0.3798,0.6798,26.428,-62.6,65.8,Yes
4.849,2.736,13.255,2.6941,3.0432,84.908,-21.5,87.9,Yes
5.054,0.131,0.652,0.0934,0.0468,1.27,-93.8,33.3,No
4.916,1.679,8.118,2.5838,3.7049,131.384,-17.8,83.2,Yes
5.051,0.014,0.075,0.0335,0.0155,2.291,-88.1,38.5,No
5.031,0.161,0.801,0.1204,0.0255,0.5,-74.9,35.1,No
5.009,0.516,2.576,0.3035,0.2588,7.426,-49.2,54.4,No
4.892,2.858,14.038,3.4631,3.4145,88.303,-12.3,80.9,Yes
5.016,0.845,4.156,0.37,0.5055,38.696,-30.0,55.1,Yes
5.04,0.438,2.174,0.2097,0.1598,5.35,-52.5,50.7,No
5.04,0.252,1.26,0.1719,0.1782,7.728,-71.5,45.0,No
4.883,2.679,13.176,3.4551,3.8897,134.119,-25.0,80.5,Yes
5.004,0.453,2.234,0.2719,0.2272,6.974,-55.3,49.9,No
4.932,1.877,9.195,1.9503,3.8464,146.916,-17.6,68.1,Yes
4.877,2.472,12.045,3.5772,3.0499,97.482,-20.2,84.0,Yes
5.036,0.408,2.041,0.1143,0.0442,6.028,-76.1,41.0,No
5.036,0.141,0.709,0.246,0.1319,6.115,-87.1,37.3,No
5.008,0.372,1.859,0.1665,0.0518,5.886,-78.0,39.8,No
4.93,1.482,7.298,1.9893,2.7581,129.508,-24.2,84.7,Yes
5.03,0.548,2.749,0.2642,0.2699,6.232,-50.3,50.4,No
4.909,2.531,12.416,3.1778,2.7195,119.088,-15.6,88.5,Yes
4.901,2.86,13.973,3.3187,4.5368,105.343,-33.5,90.0,Yes
5.031,0.287,1.476,0.1062,0.162,7.363,-72.0,38.7,No
5.035,0.126,0.633,0.0085,0.0214,1.313,-100.2,34.8,No
5.07,0.149,0.74,0.0684,0.007,3.073,-90.9,37.9,No
4.889,2.378,11.387,3.7712,3.9849,132.557,-11.6,88.5,Yes
5.036,0.318,1.663,0.2057,0.0761,5.774,-84.1,38.2,No
4.884,2.07,10.051,2.4665,2.1392,97.038,-8.7,72.9,Yes
4.99,2.096,10.464,1.2207,2.054,66.24,-31.3,62.0,Yes
5.007,0.445,2.253,0.284,0.2332,6.52,-52.5,52.4,No
4.887,1.654,8.23,3.0522,3.0324,118.222,-8.2,74.3,Yes
5.027,0.776,3.818,0.835,0.6239,27.745,-39.4,66.5,Yes
4.879,2.536,12.518,3.1721,2.7977,128.513,-12.1,77.2,Yes
5.045,0.179,0.904,0.0683,0.0555,2.553,-99.8,33.4,No
4.965,1.924,9.63,3.0422,2.4106,135.882,-30.8,84.9,Yes
4.931,1.807,8.827,2.0322,2.277,117.857,-20.5,72.6,Yes
4.903,2.949,14.411,2.9486,2.8645,98.372,-16.8,94.8,Yes
5.058,0.172,0.857,0.1161,0.0633,0.689,-80.1,30.9,No
4.864,2.014,9.617,2.7015,3.0579,113.972,-34.3,74.1,Yes
5.004,0.817,4.09,0.5432,0.5087,21.376,-42.3,66.7,Yes
5.0,0.222,1.144,0.1964,0.1066,6.462,-84.5,38.1,No
4.915,2.2,10.772,2.1423,2.2177,142.191,-17.5,71.7,Yes
5.059,0.15,0.76,0.104,0.0507,1.706,-71.0,33.9,No
4.897,2.869,14.117,3.2358,3.8997,105.476,-22.7,87.3,Yes
5.046,0.109,0.55,0.1139,0.0505,2.74,-84.1,30.0,No
5.037,1.0,5.096,0.5043,0.8386,26.059,-49.8,61.3,Yes
5.001,1.029,5.126,0.3672,0.4568,30.989,-56.7,64.1,No
5.033,1.106,5.539,0.7617,0.4085,35.115,-57.9,62.6,Yes
4.866,2.846,13.92,2.8751,2.6419,76.83,-6.6,83.2,Yes
4.904,2.616,12.797,3.7162,3.8784,79.283,-15.2,92.4,Yes
5.044,0.043,0.204,0.0606,0.0,3.13,-100.3,40.2,No
5.059,0.091,0.464,0.047,0.0034,2.106,-87.1,37.6,No
4.84,2.211,10.618,3.1703,4.4318,82.443,-18.4,94.7,Yes
5.029,0.507,2.548,0.2587,0.2946,7.033,-43.7,51.5,No
5.036,0.029,0.137,0.1063,0.0772,1.575,-98.5,37.3,No
4.973,1.743,8.759,1.3114,2.0254,72.054,-38.0,72.9,Yes
4.93,2.018,10.078,2.5991,3.324,145.485,-12.7,77.5,Yes
5.059,0.01,0.051,0.0595,0.016,2.13,-91.0,39.7,No
5.021,0.618,3.107,0.3784,0.4151,36.533,-55.7,69.8,Yes
4.951,1.633,8.163,2.1832,1.5726,52.899,-30.9,65.7,Yes
4.984,0.878,4.345,0.4678,0.3342,36.473,-49.4,72.0,No
5.028,0.198,1.002,0.236,0.1915,5.181,-80.2,41.3,No
5.04,1.271,6.339,0.7206,0.7298,8.515,-48.6,68.0,Yes
4.996,0.516,2.569,0.2147,0.1703,5.903,-78.1,49.7,No
4.953,1.876,9.338,3.2407,3.3327,100.485,-17.7,80.7,Yes
4.879,2.393,11.787,3.1965,2.5623,100.29,-32.5,89.3,Yes
5.048,0.171,0.888,0.0863,0.0132,2.188,-91.9,34.2,No
4.918,2.025,10.036,2.9245,2.9315,126.289,-18.8,89.8,Yes
5.033,0.132,0.648,0.0422,0.0687,1.172,-87.8,36.4,No
5.004,2.043,10.194,1.3976,1.1553,55.92,-33.4,72.5,Yes
4.923,2.466,12.124,3.5628,2.6254,130.95,-16.6,89.3,Yes
4.991,1.111,5.506,0.4274,0.3868,13.942,-46.9,65.9,Yes
5.064,0.017,0.076,0.0711,0.0073,1.574,-82.9,38.2,No
5.045,0.176,0.899,0.0359,0.0093,2.172,-79.1,38.6,No
5.044,0.126,0.632,0.0662,0.0439,1.809,-101.1,35.0,No
4.964,2.189,10.867,2.2985,3.3258,120.771,-17.7,81.7,Yes
4.992,0.494,2.507,0.2482,0.2287,7.544,-62.2,49.2,No
4.884,2.735,13.218,2.5852,3.9954,108.272,-27.8,78.0,Yes
5.026,0.323,1.644,0.2409,0.1113,1.359,-82.3,36.2,No
5.0,0.352,1.752,0.241,0.0482,2.061,-67.8,41.8,No
4.883,2.732,13.359,2.2045,3.9087,141.724,-22.3,89.3,Yes
5.048,0.071,0.355,0.0635,0.058,2.912,-88.2,39.0,No
5.055,0.362,1.809,0.2416,0.2157,3.239,-72.1,42.0,No
4.968,1.866,9.248,2.2278,1.1974,42.787,-30.7,80.3,Yes
5.057,0.14,0.691,0.046,0.0197,2.131,-75.4,39.9,No
4.978,1.939,9.535,2.2053,1.7278,67.628,-33.4,76.2,Yes
5.027,0.169,0.855,0.1458,0.1456,5.152,-85.1,41.7,No
5.051,0.147,0.736,0.1018,0.0772,1.027,-82.3,31.3,No
4.99,0.411,2.037,0.3141,0.2411,5.609,-58.5,48.5,No
4.886,3.017,14.84,2.8644,4.1132,99.184,-16.6,83.2,Yes
5.06,0.046,0.244,0.1202,0.0579,2.832,-91.1,38.2,No
4.982,1.413,7.114,1.633,1.9505,46.456,-18.0,81.0,Yes
4.909,2.355,11.377,2.3416,4.3413,116.308,-16.8,85.4,Yes
5.007,0.474,2.392,0.2009,0.1956,6.828,-56.3,52.0,No
4.935,2.469,12.162,2.5039,3.8957,129.371,-19.1,86.3,Yes
4.934,2.121,10.461,1.9736,2.1316,145.35,-15.4,83.7,Yes
5.046,0.138,0.684,0.0724,0.0454,2.343,-88.0,33.0,No
4.96,2.189,10.856,2.9681,3.3417,142.418,-19.0,70.6,Yes
4.939,2.331,11.647,1.889,2.0832,108.051,-6.5,83.8,Yes
4.927,2.376,11.709,3.1641,4.2126,86.515,-15.2,87.6,Yes
5.015,0.431,2.082,0.2925,0.2104,5.897,-70.4,49.0,No
4.928,1.888,9.32,2.5827,3.8582,147.977,-25.3,85.6,Yes
5.04,0.332,1.696,0.1314,0.0396,3.04,-67.8,38.8,No
5.046,0.179,0.9,0.099,0.0028,2.637,-93.1,46.4,No
5.048,0.01,0.05,0.1045,0.0781,3.047,-87.7,39.3,No
5.05,0.145,0.736,0.0606,0.0499,1.602,-74.0,43.4,No
4.877,2.312,11.293,3.8704,3.8737,102.332,-23.0,95.0,Yes
4.93,2.401,11.787,3.0072,3.0699,115.422,-20.7,74.1,Yes
5.063,0.434,2.194,0.3343,0.2325,7.605,-66.1,55.0,No
5.035,0.927,4.659,0.5095,0.4611,12.922,-43.6,66.5,No
5.013,0.104,0.523,0.0561,0.2006,4.573,-79.1,47.5,No
4.99,1.072,5.474,0.5085,0.6354,31.446,-42.6,69.4,Yes
5.007,0.497,2.465,0.2022,0.1738,7.748,-57.9,50.9,No
5.046,0.01,0.058,0.1071,0.0295,1.824,-90.9,35.3,No
5.085,0.111,0.56,0.1035,0.0246,1.881,-94.1,44.9,No
4.91,1.628,7.936,1.9117,3.01,122.089,-17.3,84.1,Yes
5.01,0.216,1.084,0.0689,0.1453,1.537,-78.8,44.2,No
5.044,0.103,0.511,0.0346,0.0112,0.595,-98.4,37.6,No
5.012,0.659,3.305,0.4033,0.3758,25.751,-51.3,54.9,No
4.905,3.035,14.938,3.693,2.7476,91.004,-9.5,91.8,Yes
4.976,1.504,7.526,1.2082,1.4979,81.58,-51.1,75.2,Yes
5.033,0.153,0.768,0.0838,0.0792,1.208,-85.4,41.5,No
5.067,0.108,0.555,0.0225,0.0322,2.663,-85.8,40.5,No
5.032,0.194,0.981,0.1757,0.0571,4.07,-88.7,45.4,No
5.056,0.051,0.253,0.0147,0.057,2.856,-100.2,41.7,No
4.84,2.503,11.998,3.0369,3.884,119.508,-14.0,88.6,Yes
4.956,1.887,9.338,1.2878,2.1397,42.48,-22.0,65.1,Yes
5.032,0.421,2.119,0.0632,0.117,4.743,-79.8,38.7,No
4.953,1.487,7.315,2.2996,1.4292,58.675,-56.0,73.0,Yes
5.049,0.348,1.724,0.1718,0.0385,6.428,-70.0,40.4,No
4.882,1.808,8.765,3.5974,4.0014,126.611,5.0,85.5,Yes
4.931,2.991,14.848,2.3844,3.5989,132.878,-13.4,81.6,Yes
5.029,0.047,0.235,0.019,0.0217,1.848,-90.5,42.6,No
5.061,0.042,0.205,0.037,0.0089,2.395,-87.0,36.9,No
4.995,0.467,2.341,0.2773,0.1883,7.508,-71.2,49.7,No
5.041,0.172,0.84,0.0889,0.0166,3.066,-110.0,30.5,No
5.006,0.226,1.108,0.075,0.0669,2.227,-61.7,40.4,No
4.947,1.703,8.39,1.6983,1.7443,73.857,-25.0,73.8,Yes
5.019,0.14,0.664,0.1662,0.1243,4.928,-56.7,48.9,No
5.002,0.455,2.249,0.3328,0.1938,5.881,-74.9,48.5,No
5.05,0.046,0.237,0.0057,0.0268,3.024,-89.3,33.9,No
5.076,0.134,0.656,0.0385,0.1934,4.973,-71.4,35.4,No
4.952,1.722,8.532,1.4641,1.5769,57.6,-40.6,75.0,Yes
4.989,1.239,6.201,0.5361,0.4016,34.519,-36.3,61.2,Yes
4.893,2.014,9.813,2.5429,3.7984,114.401,-12.6,79.0,Yes
4.961,1.65,8.182,1.6474,1.9209,58.168,-30.8,76.1,Yes
4.927,1.754,8.697,2.2318,3.1036,100.678,-21.8,79.5,Yes
4.913,1.63,7.973,2.4167,3.1438,102.658,-16.9,76.3,Yes
5.017,0.669,3.396,0.5476,0.4822,34.568,-30.0,52.0,No
4.858,2.21,10.77,2.6078,2.9404,128.632,-17.3,86.2,Yes
5.054,0.01,0.05,0.0983,0.0273,0.804,-83.5,32.4,No
5.0,0.299,1.506,0.0465,0.1094,6.599,-55.3,42.4,No
5.054,0.084,0.417,0.0802,0.0375,2.572,-110.0,30.3,No
4.944,1.737,8.657,2.5983,3.1479,144.93,-18.1,86.9,Yes
4.943,1.839,9.073,1.9746,2.1448,52.812,-36.6,72.2,Yes
4.942,1.676,8.339,1.9763,1.4069,44.879,-44.4,69.7,Yes
5.003,1.173,5.801,0.4578,0.4945,36.058,-49.9,61.0,Yes
5.082,0.12,0.603,0.1079,0.0548,3.232,-75.8,36.3,No
4.882,2.294,11.166,2.7191,3.0184,117.739,-5.0,93.4,Yes
5.034,0.385,1.95,0.0916,0.1614,6.828,-60.8,46.2,No
4.881,2.103,10.271,2.5895,3.716,109.752,-17.5,77.8,Yes
5.052,0.117,0.595,0.0771,0.0174,3.058,-84.1,38.7,No
5.005,0.286,1.45,0.0642,0.0848,6.182,-65.9,42.3,No
5.036,0.336,1.687,0.0975,0.1064,5.925,-62.1,43.9,No
5.008,0.565,2.876,0.4774,0.5014,29.873,-46.9,61.0,Yes
5.03,0.358,1.76,0.0515,0.0652,6.151,-62.0,43.7,No
5.0,0.164,0.787,0.1562,0.0555,6.965,-63.8,43.2,No
5.084,0.155,0.798,0.1094,0.033,1.316,-82.5,32.6,No
4.985,1.29,6.354,0.5296,0.7708,37.349,-50.1,58.5,No
5.0,0.333,1.669,0.0846,0.0417,4.52,-58.3,47.8,No
5.034,0.097,0.487,0.1037,0.0431,3.025,-84.7,38.1,No
5.024,0.436,2.231,0.1726,0.082,2.437,-74.4,42.7,No
5.073,0.236,1.22,0.2162,0.1929,1.025,-65.8,37.9,No
4.909,2.187,10.668,2.4551,4.4442,104.604,-27.8,86.9,Yes
5.062,0.168,0.87,0.0837,0.0018,1.952,-81.4,32.7,No
5.022,0.648,3.208,0.4976,0.7617,24.429,-47.9,55.4,Yes
5.033,0.031,0.164,0.0281,0.0554,1.815,-103.9,35.1,No
5.05,0.11,0.558,0.0535,0.0633,1.879,-81.3,40.7,No
5.001,0.672,3.489,0.7532,0.6512,13.122,-39.4,67.5,Yes
4.999,0.959,4.754,0.6576,0.7176,21.08,-40.4,58.4,Yes
4.99,0.474,2.335,0.2279,0.2098,7.281,-57.7,47.7,No
5.04,1.3,6.5,0.7141,0.5782,30.034,-43.8,57.3,No
4.88,2.482,12.116,3.2474,3.6008,80.193,-28.2,76.6,Yes
4.988,1.386,6.79,1.8608,1.6279,91.543,-24.2,68.4,Yes
5.036,0.273,1.374,0.0962,0.2205,4.687,-77.9,45.4,No
4.918,1.808,8.861,1.7409,1.2934,57.609,-40.6,76.8,Yes
5.006,1.922,9.557,1.4098,1.395,72.739,-33.3,75.0,Yes
5.055,0.139,0.67,0.0948,0.0604,1.193,-77.6,35.3,No
5.04,0.034,0.187,0.055,0.0138,3.259,-96.1,39.2,No
5.047,0.307,1.549,0.2075,0.2125,6.086,-74.8,49.7,No
5.054,0.013,0.054,0.0826,0.0804,1.365,-78.3,37.7,No
5.021,0.875,4.461,0.6903,0.5667,28.135,-46.2,61.2,No
4.989,1.649,8.248,1.3207,2.0309,93.493,-39.9,64.1,Yes
5.057,0.068,0.334,0.1211,0.0211,2.126,-92.9,37.9,No
5.025,1.191,5.862,0.7523,0.7269,31.911,-47.8,65.7,No
5.007,0.579,2.853,0.5347,0.3749,15.713,-43.7,60.7,No
5.028,1.09,5.495,0.491,0.4707,39.386,-51.8,62.1,No
5.075,0.12,0.611,0.0607,0.0724,0.852,-97.6,30.0,No
5.036,0.143,0.706,0.0501,0.0379,2.167,-86.6,42.6,No
5.016,0.517,2.588,0.24,0.2317,7.448,-51.5,49.4,No
5.024,0.212,1.075,0.0982,0.0334,5.636,-76.5,41.7,No
4.89,2.073,10.249,2.2306,2.3261,134.305,-11.1,68.2,Yes
4.98,1.202,5.921,0.8229,0.7818,24.774,-42.8,59.6,No
4.947,1.789,8.782,3.1523,2.2762,141.4,-4.5,79.2,Yes
5.051,0.17,0.857,0.1229,0.0253,1.351,-83.2,32.7,No
5.038,0.927,4.722,0.7307,0.3569,19.019,-36.4,68.8,Yes
4.85,1.99,9.701,3.3812,3.3708,139.98,-23.7,93.4,Yes
5.035,1.109,5.559,0.4208,0.7844,23.714,-57.0,66.2,No
5.037,0.464,2.348,0.3088,0.2259,7.121,-63.0,47.2,No
5.023,0.163,0.873,0.2358,0.156,3.087,-78.1,39.6,No
4.896,1.974,9.671,2.0806,2.8103,115.295,-0.8,87.3,Yes
4.873,2.531,12.362,2.467,3.4729,105.943,-27.7,82.3,Yes
4.92,2.106,10.254,2.5297,4.5726,121.846,-16.8,73.1,Yes
4.99,1.093,5.551,0.4793,0.5237,33.466,-30.0,63.5,No
5.029,0.146,0.733,0.0998,0.0395,2.93,-86.8,37.1,No
4.981,2.401,11.95,2.288,2.0226,109.588,-14.1,79.4,Yes
4.983,1.483,7.368,1.5299,1.5656,65.26,-39.4,65.1,Yes
4.928,1.67,8.276,1.8332,3.4712,144.77,-21.0,86.2,Yes
5.01,0.394,1.979,0.0511,0.0979,2.638,-77.1,46.9,No
5.055,0.325,1.658,0.0823,0.1119,1.919,-71.9,45.0,No
4.882,3.084,15.025,3.3213,4.2845,88.585,-35.2,79.8,Yes
5.017,0.456,2.291,0.1249,0.097,2.116,-52.3,43.8,No
5.04,0.236,1.186,0.2087,0.1946,2.527,-76.9,41.2,No
5.04,1.187,6.128,0.5501,0.4642,24.109,-33.2,57.2,Yes
4.917,2.262,10.957,3.2216,2.7641,134.893,-19.2,84.8,Yes
4.99,0.542,2.635,0.2251,0.2247,7.416,-40.0,54.5,No
4.929,2.033,10.062,2.5503,3.256,145.951,-21.7,75.4,Yes
5.032,0.469,2.342,0.2366,0.1943,6.612,-65.8,46.2,No
4.923,1.684,8.287,2.2691,1.7757,87.127,-43.1,65.8,Yes
5.044,0.049,0.229,0.0486,0.0257,1.769,-85.2,33.4,No
5.028,0.258,1.265,0.1877,0.1903,4.205,-63.2,43.7,No
4.967,1.85,9.118,2.3047,1.8106,60.332,-40.5,73.9,Yes
5.036,0.157,0.806,0.0,0.0342,2.83,-91.9,30.0,No
5.031,1.088,5.54,0.7024,0.7177,38.208,-52.0,55.9,No
4.945,2.014,9.962,2.4606,1.1192,39.24,-38.1,69.4,Yes
5.039,0.162,0.821,0.0013,0.0251,1.029,-81.8,42.5,No
4.996,1.143,5.734,0.4439,0.4162,19.519,-53.7,59.2,No
5.018,0.154,0.769,0.0341,0.0221,1.828,-73.0,35.7,No
5.018,0.132,0.676,0.2647,0.2168,4.292,-75.7,38.3,No
4.989,1.61,8.077,1.3994,1.665,94.58,-23.6,72.6,Yes
5.045,0.102,0.513,0.0229,0.022,0.5,-88.4,40.8,No
4.898,2.394,11.73,2.2625,3.6478,80.323,-23.9,90.6,Yes
4.951,1.336,6.606,2.2935,2.1515,84.639,-47.7,69.9,Yes
5.053,0.073,0.387,0.0669,0.0105,2.03,-78.5,31.5,No
4.98,1.518,7.544,1.9322,1.5475,65.17,-31.0,67.5,Yes
5.036,0.429,2.19,0.1957,0.1762,1.913,-75.6,44.4,No
4.984,0.814,4.012,0.5232,0.3282,17.565,-42.9,67.0,Yes
5.021,0.493,2.458,0.2089,0.1975,7.816,-45.8,52.4,No
4.987,1.246,6.162,0.6378,0.7082,19.305,-65.0,67.0,Yes
4.942,1.921,9.443,3.1565,3.5307,115.83,-25.6,79.9,Yes
4.9,2.045,10.081,2.2901,3.8986,82.907,-14.1,89.3,Yes
5.014,0.309,1.542,0.0939,0.179,5.13,-74.2,48.6,No
5.033,0.175,0.909,0.2792,0.0558,1.524,-78.7,43.4,No
5.032,0.198,0.995,0.2451,0.0741,6.911,-60.2,39.9,No
4.866,2.454,11.985,2.9361,3.6883,129.399,-14.5,92.5,Yes
5.007,0.476,2.349,0.3284,0.1612,6.916,-49.3,55.0,No
4.855,2.814,13.654,2.9188,4.52,113.963,-19.6,91.6,Yes
4.914,2.168,10.727,2.9153,2.4687,105.94,-17.1,76.4,Yes
5.052,0.043,0.197,0.1081,0.0112,0.739,-86.8,31.4,No
5.052,0.176,0.881,0.0682,0.0224,3.148,-83.4,37.0,No
4.911,2.485,12.255,3.1263,3.3915,109.387,-11.5,83.5,Yes
4.902,2.152,10.583,3.4,3.5983,82.296,-17.9,94.8,Yes
5.027,0.114,0.573,0.076,0.0256,3.202,-91.9,36.2,No
4.884,2.364,11.49,3.1553,4.5095,114.382,-20.3,76.7,Yes
5.035,0.529,2.629,0.2443,0.2512,5.805,-70.5,48.5,No
5.04,1.022,5.155,0.4345,0.728,27.912,-34.8,52.0,No
5.045,0.091,0.465,0.0,0.063,0.906,-72.8,41.7,No
4.99,1.113,5.666,0.6969,0.7535,22.942,-51.7,63.4,No
5.08,0.183,0.935,0.2511,0.1195,1.564,-64.3,39.7,No
4.965,1.741,8.749,2.0288,2.1413,131.503,-24.3,76.6,Yes
5.031,0.344,1.691,0.2669,0.0679,7.01,-52.7,40.3,No
5.049,0.166,0.859,0.1906,0.1943,5.625,-75.0,43.2,No
5.073,0.111,0.572,0.0435,0.0,2.319,-79.7,36.7,No
4.951,1.687,8.357,1.2981,1.8494,77.107,-51.3,66.1,Yes
4.884,2.418,11.858,3.0553,3.3668,132.85,-12.2,80.6,Yes
5.032,0.434,2.16,0.1997,0.13,5.423,-65.9,39.7,No
5.07,0.017,0.075,0.0674,0.031,1.074,-92.4,36.3,No
5.009,0.432,2.174,0.2729,0.2495,6.502,-59.6,49.3,No
4.924,1.561,7.691,3.2981,3.516,142.993,-19.6,83.4,Yes
4.874,1.961,9.543,3.1712,4.2988,103.507,-14.8,92.0,Yes
5.017,0.456,2.312,0.2124,0.2035,7.199,-55.5,52.5,No
4.994,0.679,3.385,0.8706,0.3017,18.168,-51.3,62.0,No
4.908,1.823,8.954,3.0408,2.5938,101.538,-21.6,75.1,Yes
4.994,0.719,3.608,0.4262,0.8426,18.206,-54.5,57.7,No
5.046,0.091,0.461,0.0485,0.0509,2.941,-97.4,41.6,No
5.048,0.184,0.917,0.091,0.0346,0.937,-95.4,41.8,No
5.03,0.269,1.346,0.1492,0.0362,3.508,-85.7,39.4,No
5.0,0.809,4.011,0.5274,0.7016,32.88,-31.2,60.0,Yes
5.053,0.414,2.076,0.1015,0.2039,6.791,-64.9,46.1,No
5.007,0.812,4.136,0.353,0.4154,14.391,-56.5,61.9,Yes
5.032,0.902,4.598,0.7637,0.5083,34.252,-45.8,61.8,No
4.973,1.942,9.598,1.3304,1.4463,78.261,-23.9,67.3,Yes
4.989,1.937,9.578,1.4842,1.6087,91.91,-28.5,70.7,Yes
5.04,1.027,5.072,0.8708,0.3816,28.823,-49.4,60.6,No
5.047,0.148,0.739,0.0641,0.0189,1.136,-105.8,39.6,No
5.01,1.919,9.655,2.2044,1.3429,94.334,-37.8,67.2,Yes
5.028,0.201,1.023,0.2437,0.0797,7.742,-82.1,37.7,No
4.933,2.059,10.245,2.0993,3.4324,137.226,-14.0,84.3,Yes
4.994,1.104,5.582,0.691,0.4198,41.067,-53.0,67.8,No
5.058,0.108,0.54,0.0559,0.034,1.294,-77.6,36.4,No
5.018,0.606,3.096,0.7441,0.8387,32.08,-43.4,62.8,No
5.06,0.074,0.354,0.0924,0.0377,1.72,-81.7,38.4,No
5.039,0.086,0.45,0.0089,0.0172,1.133,-79.3,30.8,No
5.01,0.416,2.08,0.2098,0.1611,6.732,-51.0,54.7,No
5.006,0.534,2.738,0.2595,0.2692,5.423,-57.7,50.3,No
5.067,0.181,0.937,0.0627,0.0179,1.862,-90.3,37.7,No
5.022,0.66,3.304,0.7508,0.761,12.778,-44.8,66.3,No
5.025,0.135,0.674,0.026,0.0471,0.824,-90.3,34.0,No
5.048,0.071,0.356,0.0971,0.0364,1.877,-100.1,39.1,No
4.899,1.599,7.874,2.2824,2.7958,104.67,-31.2,89.0,Yes
5.015,0.451,2.198,0.2366,0.1638,6.568,-69.9,47.9,No
5.051,0.326,1.647,0.2247,0.1775,6.786,-57.8,41.6,No
5.048,0.435,2.184,0.2379,0.1305,4.48,-65.4,41.0,No
5.029,0.096,0.483,0.2004,0.0755,4.318,-79.4,46.4,No
5.04,0.342,1.761,0.2089,0.0387,7.529,-71.6,40.4,No
5.048,0.109,0.548,0.0477,0.0281,1.826,-89.2,41.4,No
5.05,0.085,0.41,0.0205,0.0369,3.076,-91.4,39.1,No
5.052,0.122,0.621,0.0871,0.0599,1.257,-91.9,34.4,No
4.921,1.938,9.419,2.3063,1.2432,79.028,-51.4,72.8,Yes
5.06,0.103,0.51,0.0148,0.0692,2.165,-90.4,42.3,No
5.038,1.213,6.078,0.7916,0.7372,26.112,-57.2,55.1,Yes
5.005,0.449,2.256,0.2158,0.1563,6.604,-66.3,51.5,No
5.025,0.44,2.156,0.3085,0.2653,7.324,-58.0,50.3,No
5.0,0.445,2.195,0.2043,0.2091,5.685,-58.0,52.0,No
5.006,0.47,2.395,0.3347,0.1543,7.222,-43.3,48.4,No
4.916,2.907,14.282,2.8044,3.2771,135.209,-28.6,84.6,Yes
4.892,1.533,7.434,3.2668,3.1486,141.428,-26.4,79.7,Yes
5.052,0.369,1.859,0.222,0.0904,6.109,-56.7,45.8,No
5.052,0.017,0.085,0.0547,0.0151,1.094,-93.7,36.9,No
4.904,2.246,11.087,2.9745,4.1809,100.863,-21.4,84.9,Yes
4.908,2.062,9.985,3.1286,2.6776,143.832,-17.5,79.3,Yes
4.981,1.119,5.636,0.8151,0.7896,27.714,-45.1,54.9,No
4.929,2.304,11.292,2.1263,3.8547,99.347,-14.2,76.5,Yes
5.035,0.148,0.752,0.0243,0.0555,1.499,-94.5,35.5,No
4.856,2.264,10.896,2.406,2.7185,78.2,-31.0,88.3,Yes
5.025,1.071,5.34,0.4502,0.6824,35.861,-60.0,61.3,Yes
5.055,0.101,0.526,0.0848,0.056,1.222,-72.5,33.2,No
4.958,1.934,9.595,1.6145,2.1038,53.314,-35.2,62.6,Yes
4.98,1.085,5.451,0.3705,0.6754,30.642,-47.4,61.8,Yes
5.048,0.179,0.915,0.2463,0.1703,3.104,-73.9,40.7,No
4.999,0.927,4.573,0.7383,0.4524,27.793,-51.4,63.7,Yes
4.991,0.451,2.251,0.317,0.161,7.106,-59.7,53.0,No
4.986,1.08,5.35,0.553,0.7827,17.363,-40.2,64.8,No
5.065,0.154,0.78,0.0115,0.0237,2.175,-89.7,40.1,No
5.028,0.279,1.377,0.0744,0.1633,3.983,-84.8,40.9,No
5.017,0.155,0.791,0.0656,0.0263,0.69,-96.1,30.0,No
5.063,0.038,0.16,0.0798,0.0518,1.058,-90.2,33.9,No
5.051,0.098,0.509,0.0024,0.045,1.448,-79.9,39.0,No
5.006,0.471,2.364,0.202,0.1838,6.735,-48.0,52.5,No
5.064,0.045,0.255,0.0894,0.0647,0.669,-86.2,35.8,No
5.056,0.153,0.766,0.0745,0.0729,2.286,-85.3,35.2,No
5.032,0.034,0.161,0.1077,0.024,2.651,-88.9,37.9,No
5.03,0.522,2.651,0.2068,0.178,5.804,-62.9,49.6,No
4.889,2.632,12.792,3.9008,3.651,120.554,-11.8,85.5,Yes
5.004,0.446,2.23,0.2671,0.1157,3.08,-89.3,48.0,No
5.011,0.156,0.779,0.262,0.1195,1.213,-57.6,44.4,No
5.065,0.064,0.32,0.0511,0.038,1.325,-92.4,36.8,No
4.981,2.038,10.199,2.2109,1.3726,58.01,-31.2,69.2,Yes
5.031,0.171,0.841,0.2277,0.0426,4.945,-85.7,52.0,No
4.942,2.057,10.106,2.2393,3.4924,109.661,-29.5,75.3,Yes
4.929,2.008,9.856,2.7388,3.4366,109.285,-23.5,87.4,Yes
5.042,0.094,0.494,0.0489,0.0719,2.915,-88.0,43.9,No
4.978,1.786,8.805,1.2886,1.5867,89.843,-48.2,79.3,Yes
4.971,1.923,9.559,1.6429,1.208,46.652,-31.6,77.1,Yes
4.951,1.93,9.534,1.5134,1.249,58.745,-46.8,72.6,Yes
5.04,0.853,4.246,0.6765,0.6945,29.527,-46.0,60.0,Yes
4.99,0.548,2.718,0.3024,0.2207,7.463,-66.0,44.4,No
5.038,0.427,2.113,0.2534,0.1431,5.211,-85.4,40.3,No
4.99,2.015,10.143,2.2159,2.3157,52.438,-31.7,81.8,Yes
5.052,0.089,0.464,0.1172,0.011,1.979,-78.6,35.9,No
4.894,2.212,10.87,3.6147,3.5943,137.924,-33.3,80.8,Yes
4.888,1.713,8.315,2.2893,3.1668,129.738,-22.4,81.2,Yes
4.964,1.643,8.218,1.6155,1.611,87.291,-16.4,73.6,Yes
4.981,1.943,9.781,1.8044,1.4283,45.541,-31.0,74.4,Yes
4.959,1.661,8.216,2.0208,2.4352,102.821,-26.4,73.9,Yes
4.958,1.874,9.315,1.2375,1.6969,84.464,-43.3,64.2,Yes
5.046,0.043,0.212,0.1132,0.0356,2.398,-67.6,35.2,No
5.017,1.3,6.5,0.4068,0.6146,23.852,-38.1,57.3,Yes
5.028,0.439,2.152,0.0822,0.2157,2.886,-83.1,44.5,No
4.88,1.823,8.957,3.6149,3.1051,104.552,-20.2,75.2,Yes
4.981,0.63,3.254,0.6305,0.5338,40.212,-41.1,56.9,Yes
5.021,1.237,6.126,0.6524,0.353,13.922,-59.0,69.1,Yes
4.859,2.58,12.577,2.2339,2.4986,122.699,-31.7,82.9,Yes
5.034,0.284,1.426,0.2586,0.0198,5.14,-74.3,37.0,No
5.041,0.031,0.159,0.1126,0.0447,2.952,-106.8,30.0,No
4.937,2.034,9.994,2.3548,3.0222,128.056,-22.5,79.4,Yes
5.037,0.102,0.505,0.0396,0.027,2.675,-105.1,35.5,No
5.002,0.602,3.027,0.5338,0.6255,40.425,-40.4,63.7,Yes
4.875,2.2,10.632,3.2969,3.3738,90.479,-15.5,88.5,Yes
5.038,0.121,0.612,0.0406,0.0125,2.433,-101.1,35.1,No
5.009,0.195,1.01,0.0862,0.1192,2.069,-83.3,42.7,No
5.003,1.279,6.407,0.4052,0.3411,15.172,-41.4,58.1,Yes
5.056,0.064,0.338,0.092,0.0109,3.087,-80.8,32.5,No
4.874,2.835,13.827,2.9532,3.0329,138.477,-34.9,84.6,Yes
4.99,1.327,6.617,2.2951,1.4178,50.782,-39.3,72.1,Yes
5.053,0.134,0.694,0.2777,0.109,5.51,-90.9,40.3,No
5.017,1.935,9.789,1.7516,1.9823,89.595,-47.4,78.3,Yes
5.047,0.253,1.306,0.2174,0.125,4.165,-56.1,45.9,No
4.979,1.8,8.963,1.5443,1.9123,62.488,-29.3,71.1,Yes
5.033,0.01,0.055,0.077,0.0377,0.809,-78.4,36.0,No
5.048,0.166,0.86,0.1071,0.0283,1.284,-80.8,40.4,No
4.903,1.843,9.138,2.2963,3.9916,133.752,-25.2,74.1,Yes
5.046,0.427,2.138,0.0808,0.1043,4.824,-78.3,40.5,No
4.968,1.739,8.741,2.3575,1.9058,50.999,-46.5,65.7,Yes
5.039,0.223,1.106,0.2162,0.2106,2.917,-62.9,46.7,No
5.05,0.038,0.204,0.1158,0.0215,2.894,-88.1,35.9,No
4.99,0.417,2.06,0.3303,0.228,7.455,-74.3,54.3,No
4.991,0.837,4.2,0.6272,0.6276,16.357,-47.5,60.6,No
5.039,0.153,0.771,0.096,0.0342,2.636,-94.0,38.8,No
5.049,0.223,1.115,0.1839,0.0526,4.283,-66.9,38.9,No
4.899,2.091,10.207,3.8407,3.6127,92.345,-17.4,81.8,Yes
5.044,0.449,2.284,0.2449,0.0335,6.029,-80.7,45.2,No
5.0,0.248,1.214,0.224,0.029,4.132,-84.5,39.3,No
5.024,0.577,2.898,0.5286,0.7731,19.084,-47.3,58.9,No
5.023,1.242,6.26,0.5722,0.3553,8.122,-42.0,56.6,Yes
4.915,2.104,10.434,1.9097,2.8129,132.698,-20.1,76.8,Yes
4.907,2.485,12.102,2.5643,2.5642,77.594,-22.2,95.0,Yes
5.006,1.613,8.063,1.405,1.7493,60.438,-32.5,75.2,Yes
4.885,2.709,13.278,2.3593,3.3976,94.841,-24.6,92.5,Yes
5.045,0.137,0.683,0.1957,0.0561,2.676,-67.4,40.5,No
5.001,0.425,2.133,0.3071,0.1493,6.957,-58.5,48.9,No
5.004,1.029,5.208,0.6298,0.4624,38.841,-51.1,62.4,Yes
5.051,0.094,0.461,0.021,0.0267,1.856,-94.8,33.0,No
4.938,1.631,7.947,2.1686,2.1055,129.151,-14.6,80.2,Yes
4.982,1.038,5.15,0.5051,0.4743,25.48,-30.0,61.4,No
5.021,0.983,4.999,0.3654,0.473,12.645,-51.2,54.5,Yes
5.026,0.506,2.578,0.306,0.2476,6.625,-65.8,54.3,No
5.009,0.542,2.686,0.3343,0.2381,5.52,-59.9,51.0,No
4.889,2.003,9.804,2.9086,3.1407,110.111,-23.3,79.2,Yes
4.902,1.898,9.516,3.4486,3.024,85.815,-29.6,86.5,Yes
5.037,0.177,0.887,0.0805,0.0341,0.663,-79.9,33.5,No
4.945,2.566,12.771,2.2979,2.9795,137.592,-18.1,81.2,Yes
5.023,0.139,0.681,0.1417,0.1297,7.04,-79.8,45.7,No
5.006,0.404,1.992,0.3224,0.1777,7.083,-65.8,52.6,No
5.049,0.028,0.139,0.0046,0.0226,3.019,-85.4,39.7,No
4.937,1.706,8.442,1.2988,1.325,56.04,-40.0,67.9,Yes
4.927,1.817,8.989,2.1232,1.9315,50.919,-35.3,72.6,Yes
5.034,0.126,0.678,0.0944,0.1736,3.851,-87.3,44.6,No
4.867,2.245,11.022,3.1882,2.8631,76.54,-13.4,87.4,Yes
4.925,2.388,11.71,2.5474,2.1805,104.63,-18.8,79.8,Yes
5.037,0.018,0.098,0.0193,0.0299,2.618,-86.2,32.7,No
5.017,1.077,5.432,0.5695,0.387,10.441,-52.9,58.1,No
5.064,0.028,0.122,0.0,0.0162,3.002,-91.0,34.8,No
4.996,1.731,8.62,1.3348,2.2897,78.643,-45.2,74.7,Yes
5.043,0.174,0.872,0.116,0.0809,1.937,-84.2,37.1,No
5.072,0.094,0.467,0.0602,0.0466,1.435,-85.6,37.8,No
5.067,0.03,0.141,0.0204,0.0152,1.378,-76.5,39.3,No
5.022,0.083,0.421,0.079,0.0696,1.907,-88.0,30.5,No
5.025,0.682,3.442,0.8911,0.4351,27.604,-59.0,72.0,Yes
4.949,2.571,12.643,2.413,3.3967,126.932,-14.5,85.3,Yes
4.896,2.864,14.129,3.2156,4.0563,130.922,-12.7,79.3,Yes
5.033,0.31,1.539,0.1899,0.1581,7.13,-55.8,46.9,No
5.066,0.136,0.709,0.0371,0.0175,1.626,-77.4,35.0,No
4.948,2.639,12.992,3.2089,3.0028,105.453,-9.7,89.4,Yes
4.994,1.286,6.454,0.8585,0.5306,19.873,-55.7,61.0,No
5.041,0.441,2.2,0.2629,0.093,6.781,-73.7,41.5,No
4.99,0.405,2.035,0.2242,0.2662,7.706,-59.1,46.5,No
4.976,1.675,8.387,1.5611,2.0191,62.911,-43.2,70.9,Yes
5.024,0.206,1.049,0.1215,0.0831,6.205,-57.2,41.6,No
5.063,0.114,0.583,0.1083,0.0072,2.207,-86.9,35.9,No
5.008,0.592,2.976,0.3885,0.6995,35.051,-63.4,61.1,Yes
5.014,0.417,2.061,0.2448,0.2778,5.687,-64.7,53.4,No
4.951,1.688,8.28,2.2452,3.148,132.076,-11.4,84.7,Yes
5.042,0.106,0.545,0.1125,0.0713,1.522,-96.5,30.1,No
5.067,0.399,2.013,0.1006,0.1051,5.335,-88.2,34.5,No
5.024,0.161,0.82,0.1964,0.1554,2.097,-83.6,45.3,No
5.0,0.126,0.632,0.2278,0.1352,3.42,-81.0,37.2,No
5.042,0.08,0.425,0.0108,0.0241,0.517,-86.1,33.2,No
5.066,0.022,0.095,0.0122,0.0546,0.57,-94.5,30.0,No
5.032,0.097,0.481,0.0673,0.0721,1.99,-87.3,40.7,No
5.04,0.661,3.328,0.861,0.3454,28.159,-52.8,62.9,Yes
5.0,1.147,5.522,0.4097,0.3179,37.366,-53.3,71.5,Yes
5.035,0.043,0.216,0.0628,0.0106,0.685,-94.5,33.5,No
5.025,1.125,5.667,0.5963,0.3093,41.806,-50.5,60.9,No
4.998,1.691,8.381,2.4865,1.5953,45.692,-36.7,74.3,Yes
5.009,0.925,4.722,0.3505,0.5434,25.397,-43.3,54.3,No
5.055,0.372,1.878,0.0815,0.213,5.467,-70.5,41.0,No
4.871,2.032,10.001,2.3575,3.8344,85.775,-28.0,86.2,Yes
4.995,1.133,5.632,0.5103,0.7721,11.037,-54.1,56.9,Yes
5.04,0.558,2.867,0.5764,0.7754,32.597,-53.4,56.4,Yes
4.936,1.788,8.785,2.1861,1.1093,60.873,-50.7,75.4,Yes
5.006,0.481,2.421,0.3159,0.2857,6.82,-66.0,52.6,No
5.043,0.428,2.108,0.2451,0.2443,6.037,-59.8,50.5,No
5.021,0.158,0.788,0.0655,0.0265,2.388,-76.8,35.3,No
4.891,1.92,9.434,3.125,2.4291,114.964,-15.5,75.1,Yes
5.031,0.01,0.051,0.0702,0.0155,1.653,-85.2,41.9,No
4.896,2.142,10.57,3.4137,3.4611,94.944,-18.4,82.0,Yes
4.995,0.519,2.582,0.2929,0.2243,5.556,-63.0,50.5,No
5.015,0.27,1.356,0.2673,0.0445,2.705,-82.1,45.7,No
5.007,0.128,0.664,0.1782,0.0601,4.97,-66.7,45.0,No
5.069,0.022,0.12,0.1154,0.0659,1.629,-80.5,40.2,No
4.861,2.22,10.853,3.3853,3.1983,121.546,-20.6,95.0,Yes
5.023,0.197,0.985,0.0978,0.1502,6.252,-72.1,39.4,No
5.0,1.233,6.234,0.645,0.3126,34.269,-36.9,60.8,No
5.038,0.176,0.879,0.2037,0.1821,7.306,-83.2,44.2,No
4.903,2.678,13.14,3.868,2.7707,135.089,-23.7,85.2,Yes
4.992,0.96,4.832,0.5864,0.8186,28.478,-50.5,66.7,Yes
4.912,2.309,11.371,2.2112,3.3347,115.437,-28.9,81.3,Yes
5.04,0.569,2.93,0.3748,0.3611,28.305,-41.0,60.8,Yes
5.047,0.114,0.602,0.0712,0.0525,2.251,-83.9,31.5,No
4.977,1.764,8.887,2.3614,1.3367,89.376,-38.9,75.0,Yes
5.065,0.364,1.814,0.1527,0.0588,3.706,-85.6,43.9,No
4.994,0.482,2.406,0.3272,0.1872,6.35,-63.5,48.3,No
5.04,1.088,5.438,0.5364,0.5188,34.999,-55.3,70.9,Yes
5.032,1.098,5.479,0.5926,0.6718,17.534,-42.5,62.5,No
5.025,0.443,2.182,0.2457,0.2126,7.494,-64.6,51.1,No
5.057,0.063,0.335,0.0984,0.0227,3.186,-90.9,36.5,No
5.037,0.087,0.43,0.0927,0.001,0.844,-75.9,41.3,No
5.02,0.583,2.885,0.7274,0.4074,34.152,-44.4,60.8,Yes
5.046,0.175,0.87,0.0519,0.0177,0.928,-83.1,37.4,No
4.926,1.841,9.002,3.0401,4.2125,86.335,-20.5,90.8,Yes
4.881,2.944,14.385,3.6693,4.1685,113.717,-24.9,79.5,Yes
4.963,1.578,7.848,1.327,1.9112,63.973,-35.0,71.1,Yes
4.891,1.645,8.12,1.9733,2.59,126.856,-11.1,73.3,Yes
5.015,0.348,1.734,0.0644,0.1948,1.614,-57.2,43.9,No
4.992,0.5,2.492,0.2788,0.2384,7.293,-44.6,51.2,No
5.01,1.212,6.032,0.431,0.4075,8.346,-59.6,65.4,No
5.056,0.087,0.428,0.0625,0.0181,2.784,-76.8,31.2,No
5.05,0.108,0.552,0.0805,0.0048,0.515,-99.7,34.3,No
4.98,1.305,6.5,1.2762,2.1326,71.045,-13.2,63.8,Yes
4.969,1.671,8.282,2.2138,2.1471,92.014,-38.9,69.5,Yes
4.951,2.109,10.471,2.6141,3.7058,139.912,-10.0,77.6,Yes
4.927,1.474,7.239,1.9328,1.9542,64.459,-26.6,71.9,Yes
5.056,0.09,0.445,0.0497,0.013,3.018,-95.8,30.6,No
4.989,1.164,5.798,0.6981,0.4478,20.432,-38.2,57.9,Yes
5.057,0.114,0.585,0.0495,0.0266,1.243,-76.7,36.8,No
4.946,1.639,8.039,1.5216,1.5402,74.829,-42.4,74.3,Yes
5.038,0.226,1.115,0.2503,0.1142,5.215,-75.3,42.9,No
4.894,2.922,14.46,2.2142,2.5689,77.426,-32.8,88.0,Yes
4.992,1.054,5.317,0.4643,0.4573,36.495,-43.6,57.8,No
5.04,1.152,5.878,0.5576,0.3588,40.8,-57.9,68.8,No
5.037,1.454,7.401,2.1777,1.2223,80.475,-42.4,79.4,Yes
5.037,0.361,1.823,0.2041,0.1448,0.9,-57.5,49.2,No
5.055,0.435,2.154,0.2082,0.1429,2.575,-88.3,45.0,No
5.007,1.238,6.116,0.7359,0.4905,27.788,-30.0,63.1,Yes
5.05,0.158,0.801,0.0256,0.0135,1.65,-96.1,36.6,No
5.031,0.256,1.273,0.156,0.0509,1.085,-74.0,43.2,No
4.873,2.051,10.013,3.1555,4.3449,95.761,-24.9,83.0,Yes
5.04,1.037,5.138,0.5379,0.6532,9.042,-45.2,60.2,No
5.031,0.01,0.05,0.0,0.0569,0.53,-84.6,33.8,No
5.004,0.725,3.637,0.417,0.5259,14.461,-58.1,67.3,Yes
4.938,1.683,8.23,1.9971,2.1958,60.13,-27.6,80.2,Yes
5.004,1.127,5.604,0.3657,0.6247,10.365,-39.6,63.3,Yes
4.911,1.878,9.217,3.1927,2.6238,124.904,-10.4,85.4,Yes
5.006,0.146,0.739,0.1424,0.0143,1.308,-57.7,43.6,No
4.957,1.417,7.186,1.3936,2.2912,63.957,-46.4,75.6,Yes
5.049,0.21,1.08,0.1406,0.1671,1.59,-79.9,38.4,No
5.007,0.844,4.187,0.467,0.7045,40.016,-39.8,60.5,Yes
5.006,0.248,1.244,0.057,0.1583,1.703,-69.2,41.6,No
4.969,1.525,7.621,2.2588,1.9596,89.124,-23.8,69.1,Yes
4.893,1.681,8.331,2.7997,2.5748,102.5,-11.2,83.5,Yes
5.063,0.019,0.111,0.0515,0.0269,0.798,-100.0,33.6,No
5.035,0.124,0.617,0.0162,0.0,2.408,-80.0,31.2,No
4.913,1.752,8.586,2.1236,2.0977,135.733,-28.4,87.6,Yes
4.972,1.716,8.473,2.475,1.9023,74.356,-31.1,71.3,Yes
5.066,0.057,0.295,0.0855,0.0166,0.602,-88.4,31.0,No
4.876,2.525,12.33,3.4482,2.6464,108.288,-22.6,80.6,Yes
4.857,2.796,13.53,3.0034,3.0621,129.251,-19.8,81.3,Yes
4.954,2.467,12.218,3.0341,3.7641,101.246,-18.9,79.3,Yes
4.982,0.72,3.623,0.3722,0.6757,21.474,-58.2,67.2,No
5.039,0.282,1.417,0.1883,0.1626,4.87,-67.2,42.0,No
5.013,2.064,10.376,1.9667,2.0196,73.568,-39.2,81.3,Yes
5.0,0.135,0.647,0.2419,0.099,3.347,-71.6,41.2,No
5.016,1.992,10.068,1.8902,1.1678,43.941,-43.0,76.5,Yes
5.023,0.392,1.933,0.3226,0.2416,7.784,-71.0,45.1,No
5.023,0.346,1.717,0.2753,0.2148,3.467,-79.7,42.1,No
4.92,2.252,10.997,1.8332,3.7166,107.853,-22.2,81.4,Yes
5.007,0.53,2.666,0.2501,0.2417,6.042,-57.3,48.8,No
4.933,1.726,8.534,2.6653,2.0209,104.516,-17.5,78.9,Yes
4.933,1.566,7.687,2.2558,3.3373,113.148,-27.5,83.4,Yes
4.99,0.759,3.748,0.8149,0.5569,16.287,-30.0,55.8,Yes
5.022,0.408,2.024,0.2889,0.1983,7.315,-57.5,49.0,No
5.054,0.05,0.242,0.1054,0.0193,1.643,-85.3,35.4,No
4.946,2.084,10.369,3.2335,2.2244,131.692,-18.8,74.0,Yes
5.016,0.483,2.398,0.3145,0.1938,5.832,-53.0,49.5,No
4.927,2.018,9.861,3.2643,3.9467,129.708,-9.7,87.4,Yes
4.891,2.315,11.447,3.783,2.5376,123.319,-18.9,84.8,Yes
4.996,0.395,1.986,0.2375,0.2033,6.058,-47.6,47.7,No
4.969,2.0,9.981,1.9947,1.4783,78.45,-46.1,76.4,Yes
4.995,1.726,8.697,1.4917,2.2586,91.042,-35.7,74.5,Yes
5.044,0.478,2.354,0.2419,0.2822,5.406,-62.5,49.7,No
4.996,1.06,5.252,0.7476,0.5356,40.926,-45.4,71.4,No
5.016,0.72,3.566,0.459,0.4866,22.94,-43.4,63.8,Yes
4.964,1.487,7.3,2.3545,1.7918,46.352,-30.1,64.7,Yes
4.965,2.4,11.837,2.5074,2.9532,119.018,-19.0,78.4,Yes
4.972,1.92,9.535,1.9933,2.1675,73.864,-38.2,65.6,Yes
4.896,2.412,11.83,2.7596,3.4871,93.882,-21.5,80.9,Yes
5.032,0.465,2.293,0.2473,0.2763,5.491,-57.5,52.4,No
5.041,0.173,0.895,0.0299,0.016,2.076,-88.2,31.7,No
4.897,2.122,10.433,2.2241,3.0318,119.916,-23.1,85.9,Yes
5.054,0.073,0.381,0.0498,0.02,1.697,-96.8,40.6,No
4.892,1.848,8.89,2.7276,3.0512,113.99,-20.6,80.9,Yes
5.03,0.091,0.448,0.0015,0.0617,2.692,-74.7,33.1,No
4.898,2.413,11.824,1.8257,3.3723,108.208,-8.3,82.6,Yes
5.048,0.059,0.305,0.0616,0.013,2.66,-90.0,30.0,No
5.042,0.041,0.212,0.0,0.0211,1.023,-89.4,34.8,No
5.067,0.179,0.909,0.0972,0.0344,2.801,-75.3,38.6,No
5.002,1.607,8.02,1.2896,1.6738,94.624,-24.1,76.4,Yes
4.903,2.53,12.373,2.9363,3.5175,127.99,-25.9,77.7,Yes
4.995,0.445,2.227,0.2671,0.2691,6.484,-59.2,49.3,No
5.0,0.268,1.353,0.1054,0.0388,3.097,-69.7,42.6,No
4.992,0.428,2.106,0.2438,0.1851,6.424,-69.8,52.0,No
4.997,2.008,10.013,1.8827,1.8605,48.749,-32.2,69.8,Yes
5.013,0.452,2.241,0.3418,0.2871,7.031,-49.2,55.0,No
4.916,2.122,10.551,3.2724,3.2666,98.806,-13.5,79.4,Yes
5.033,0.146,0.761,0.1925,0.1342,5.641,-92.5,48.9,No
5.025,0.42,2.109,0.2463,0.0437,1.594,-91.3,46.1,No
5.025,0.114,0.58,0.0477,0.1149,4.357,-66.9,33.6,No
5.045,0.517,2.658,0.2296,0.1633,7.896,-45.7,49.4,No
4.892,3.006,14.843,3.2586,2.6015,96.841,-24.2,87.8,Yes
4.939,1.568,7.821,1.4167,1.1949,84.571,-49.5,77.8,Yes
5.053,0.166,0.835,0.006,0.0039,0.593,-89.9,31.3,No
4.99,0.46,2.221,0.2422,0.2075,5.511,-52.0,51.8,No
5.018,1.175,5.859,0.8143,0.5441,28.934,-44.9,61.3,No
5.066,0.13,0.644,0.0148,0.0254,1.546,-86.0,30.4,No
4.943,2.094,10.292,2.8387,3.1141,102.638,-30.5,85.1,Yes
4.938,2.039,9.995,2.3726,2.305,102.815,-26.8,75.2,Yes
5.04,0.277,1.408,0.0575,0.1108,6.714,-63.5,49.0,No
4.998,0.556,2.843,0.3772,0.3,41.34,-56.7,60.7,Yes
4.909,2.34,11.374,2.8637,2.9765,102.155,-29.4,85.6,Yes
5.038,0.053,0.276,0.0878,0.0606,2.136,-89.9,36.6,No
5.007,0.986,4.883,0.399,0.4007,14.055,-51.1,58.4,Yes
5.014,0.267,1.332,0.1903,0.0459,5.175,-77.5,38.7,No
4.99,0.981,4.931,0.88,0.7951,32.116,-42.9,62.1,Yes
5.047,0.152,0.768,0.0088,0.0041,1.01,-93.2,34.2,No
5.033,0.043,0.225,0.073,0.0266,2.04,-87.7,30.0,No
5.039,0.263,1.322,0.0427,0.1783,4.566,-81.3,52.0,No
4.98,1.168,5.87,0.7065,0.7502,11.979,-49.4,70.1,Yes
5.017,0.367,1.825,0.1138,0.1948,4.33,-68.2,35.2,No
5.033,0.508,2.541,0.2682,0.1764,6.392,-50.4,46.3,No
5.041,0.087,0.45,0.0906,0.0587,2.264,-85.5,37.5,No
4.984,1.013,5.113,0.7493,0.3794,41.844,-55.9,59.3,No
5.013,1.154,5.822,0.3759,0.4891,24.638,-47.2,57.8,Yes
5.042,0.09,0.478,0.0,0.0455,2.562,-99.2,42.9,No
4.873,2.839,13.685,2.4246,2.997,128.406,-17.2,85.8,Yes
5.022,0.678,3.379,0.8578,0.4365,11.969,-51.9,60.7,Yes
4.901,2.176,10.606,2.7136,4.1028,128.427,-13.7,80.3,Yes
5.048,0.09,0.455,0.076,0.0379,3.202,-97.6,34.3,No
5.019,1.043,5.232,0.706,0.844,39.454,-55.5,62.7,Yes
5.014,0.155,0.756,0.0818,0.0327,1.227,-78.2,37.0,No
5.023,0.153,0.759,0.17,0.0937,1.198,-67.8,41.1,No
4.99,0.819,4.02,0.6322,0.305,19.53,-40.8,65.8,No
5.041,0.17,0.838,0.1841,0.1407,6.025,-92.5,40.6,No
4.999,1.232,6.135,0.7042,0.8408,28.507,-49.6,56.5,Yes
5.017,0.267,1.365,0.1744,0.2024,6.668,-69.3,47.3,No
5.053,0.156,0.79,0.0508,0.0587,3.169,-101.2,42.0,No
4.878,2.156,10.581,3.0911,3.2956,97.667,-15.4,77.7,Yes
5.033,0.12,0.572,0.2054,0.1441,2.411,-74.7,39.3,No
5.036,1.211,6.158,0.6243,0.4686,11.988,-46.2,54.4,No
4.999,0.912,4.595,0.427,0.3157,31.459,-40.8,71.8,Yes
5.058,0.054,0.277,0.0029,0.0122,1.956,-84.3,35.8,No
4.905,2.437,11.905,3.4193,2.9965,119.075,-9.5,85.2,Yes
4.966,1.533,7.509,1.3712,1.8867,65.192,-34.5,69.7,Yes
5.019,0.345,1.731,0.2019,0.0764,6.541,-59.9,43.4,No
4.949,1.554,7.75,1.5987,2.3136,48.801,-32.1,68.4,Yes
4.983,1.811,9.046,1.6493,1.4559,67.845,-38.7,68.1,Yes
4.967,2.029,9.979,1.6303,1.159,56.508,-34.5,66.1,Yes
4.896,1.591,7.703,2.7607,2.6819,101.577,-14.6,73.0,Yes
4.896,2.287,11.274,2.9306,3.2208,117.067,-25.4,83.7,Yes
5.033,0.108,0.501,0.0882,0.0343,6.439,-85.9,46.9,No
4.924,2.41,11.97,3.2959,2.1651,118.02,-26.7,68.1,Yes
5.006,1.193,5.979,0.7266,0.6136,22.55,-44.6,64.7,No
5.063,0.133,0.69,0.0816,0.0097,1.997,-75.0,35.5,No
5.021,0.416,2.07,0.1945,0.1572,1.764,-61.8,44.3,No
5.051,0.164,0.827,0.1903,0.1844,2.67,-84.6,39.2,No
4.996,1.545,7.721,1.7312,1.6912,42.713,-20.0,78.0,Yes
5.046,0.15,0.748,0.0517,0.0043,2.373,-81.4,35.7,No
5.059,0.072,0.369,0.1034,0.0406,2.373,-85.0,37.9,No
5.059,0.073,0.367,0.1038,0.0337,0.903,-82.4,37.7,No
4.93,2.745,13.453,3.6888,3.1744,85.561,-26.9,83.4,Yes
4.941,2.455,12.196,2.1023,3.2541,121.084,-23.7,76.1,Yes
5.018,0.126,0.651,0.0995,0.0639,3.172,-67.1,43.2,No
5.005,0.437,2.202,0.2113,0.2365,6.708,-66.4,53.0,No
5.03,0.387,1.932,0.1703,0.1473,4.895,-79.6,41.9,No
4.97,1.477,7.374,1.5217,2.2339,94.988,-38.9,75.7,Yes
4.996,2.077,10.333,2.0298,1.1235,67.066,-52.9,78.3,Yes
4.905,2.43,11.933,3.2799,3.0802,139.04,-19.7,76.3,Yes
4.923,2.19,10.792,2.9436,3.8851,114.822,-7.3,86.5,Yes
4.847,2.559,12.342,2.6443,4.5569,137.547,-8.3,89.7,Yes
5.009,0.18,0.913,0.0816,0.1446,5.986,-81.0,43.5,No
5.034,0.146,0.728,0.08,0.0775,1.752,-83.1,38.4,No
5.047,0.012,0.064,0.0537,0.0668,1.485,-89.1,38.3,No
4.996,0.896,4.581,0.8869,0.7723,15.667,-43.1,58.1,No
4.905,2.418,11.986,3.7821,4.1681,129.376,-30.3,81.1,Yes
5.019,1.428,7.219,1.6114,2.3142,44.146,-30.7,62.6,Yes
5.041,0.432,2.131,0.3075,0.2608,7.355,-64.5,47.8,No
4.98,1.257,6.328,0.4939,0.807,16.919,-58.0,63.0,Yes
4.959,1.384,6.829,1.2783,1.3812,60.652,-42.8,68.1,Yes
5.031,0.2,0.95,0.0273,0.0171,1.5,-81.7,38.5,No
4.907,1.718,8.367,2.1471,3.789,124.178,-32.5,81.6,Yes
5.019,1.112,5.534,0.5174,0.4409,41.953,-35.4,55.8,No
5.047,0.097,0.497,0.0616,0.0074,2.191,-83.2,37.0,No
5.0,0.459,2.303,0.2152,0.1714,7.259,-50.8,54.0,No
4.899,1.975,9.769,1.8542,3.1024,137.391,-17.0,83.4,Yes
4.898,2.528,12.348,3.8735,3.4815,90.546,-27.0,73.5,Yes
5.057,0.118,0.602,0.1058,0.0489,2.21,-92.1,32.4,No
5.038,0.237,1.198,0.1495,0.0237,7.518,-62.6,44.5,No
5.039,0.043,0.224,0.0659,0.051,2.616,-87.9,34.6,No
5.054,0.078,0.405,0.0931,0.0428,0.649,-85.1,42.6,No
4.884,2.237,10.849,2.3362,3.4085,110.117,-19.1,75.6,Yes
4.917,1.649,7.975,2.9285,2.6734,130.182,-8.5,82.1,Yes
5.009,1.131,5.707,0.5597,0.4674,34.777,-65.0,59.6,No
5.04,0.269,1.345,0.1062,0.0468,5.98,-56.1,40.3,No
5.007,0.886,4.498,0.7937,0.4791,9.011,-53.5,67.5,Yes
4.901,2.326,11.446,2.2034,3.1613,112.389,-7.1,79.5,Yes
5.076,0.089,0.439,0.1126,0.0577,2.072,-102.2,36.9,No
4.986,1.436,7.256,1.6801,1.7363,65.021,-33.2,77.3,Yes
5.011,0.294,1.44,0.0336,0.1687,6.19,-72.4,43.9,No
4.909,1.631,8.159,2.5253,2.9003,97.353,-18.7,73.7,Yes
5.044,0.132,0.69,0.0014,0.0258,0.808,-110.0,33.3,No
5.003,0.55,2.768,0.6323,0.3379,21.902,-46.2,61.5,Yes
5.041,0.132,0.659,0.0647,0.0826,2.432,-83.3,35.1,No
5.01,1.435,7.246,2.3438,1.2982,52.167,-26.6,78.7,Yes
4.851,2.481,12.015,3.2761,2.8088,132.76,-31.8,88.2,Yes
4.91,1.544,7.646,1.9025,3.3858,97.552,-9.0,73.2,Yes
5.005,1.051,5.249,0.8059,0.4575,29.123,-55.2,66.4,No
4.99,0.518,2.613,0.3259,0.1537,5.821,-62.7,51.9,No
5.036,0.438,2.212,0.1728,0.1551,4.676,-77.0,46.9,No
4.981,1.196,5.998,0.8451,0.6916,14.929,-54.3,63.1,Yes
5.037,0.184,0.912,0.1146,0.1867,5.689,-74.6,46.6,No
5.003,0.371,1.863,0.1595,0.0482,2.419,-65.2,43.3,No
5.05,0.362,1.827,0.1701,0.082,4.232,-78.2,38.6,No
5.035,0.172,0.864,0.1709,0.1237,2.294,-91.6,52.0,No
5.043,0.149,0.752,0.0148,0.021,2.245,-77.5,35.3,No
5.056,0.157,0.794,0.0635,0.0138,2.741,-85.0,37.3,No
4.9,1.507,7.476,3.1993,2.8549,102.364,-20.9,83.9,Yes
5.005,1.973,9.942,1.5783,1.9548,71.312,-41.3,78.2,Yes
5.012,1.25,6.236,0.4389,0.6088,9.009,-47.7,67.2,Yes
4.965,2.029,10.014,2.41,1.2013,47.351,-30.5,62.0,Yes
5.033,0.846,4.201,0.7007,0.5507,40.741,-54.7,63.1,Yes
4.981,1.465,7.311,1.2358,2.0325,58.675,-39.4,72.8,Yes
4.92,2.538,12.48,2.8591,2.6817,95.362,-12.4,87.5,Yes
5.0,0.345,1.719,0.1523,0.0595,6.258,-66.5,47.1,No
5.04,0.019,0.093,0.0328,0.0725,2.981,-91.4,37.5,No
4.925,1.326,6.621,1.2744,1.5443,75.967,-31.8,73.1,Yes
5.031,0.503,2.589,0.2313,0.1751,7.23,-45.0,54.0,No
4.931,1.533,7.723,3.2809,3.4414,124.364,-11.0,78.4,Yes
5.023,0.1,0.501,0.0665,0.1317,3.745,-74.9,40.8,No
5.027,1.211,5.997,0.4935,0.5392,31.257,-52.0,61.3,No
4.989,1.028,5.169,0.4261,0.3987,18.349,-34.2,57.3,No
4.965,2.07,10.229,2.4043,3.4896,108.753,-12.7,72.0,Yes
4.89,2.902,14.264,3.1955,2.7736,108.794,-36.6,85.9,Yes
4.99,0.446,2.247,0.2864,0.2593,5.424,-69.6,46.7,No
5.061,0.11,0.55,0.0127,0.0504,2.339,-83.4,34.1,No
5.039,0.749,3.78,0.7512,0.3939,22.552,-52.4,63.5,No
4.984,1.18,5.86,0.6867,0.4335,25.915,-59.4,59.5,No
4.876,2.052,9.926,2.7097,2.7574,99.209,-24.4,85.1,Yes
5.02,0.862,4.178,0.488,0.6445,10.976,-47.5,61.5,Yes
4.977,2.062,10.205,1.5851,2.0277,56.327,-22.7,69.7,Yes
5.079,0.175,0.874,0.0775,0.0484,1.934,-83.0,30.0,No
5.031,0.181,0.882,0.1501,0.1526,5.137,-70.5,46.0,No
5.043,0.272,1.395,0.1183,0.1559,2.222,-85.7,37.2,No
5.035,0.124,0.629,0.0321,0.0488,1.015,-83.4,30.8,No
4.976,1.466,7.297,1.9416,1.4114,67.386,-27.1,75.7,Yes
5.064,0.317,1.617,0.0627,0.1258,5.534,-62.1,40.0,No
4.917,1.849,9.063,2.5581,2.8658,100.613,-12.8,74.4,Yes
5.04,0.701,3.608,0.8063,0.7083,40.507,-45.3,56.7,Yes
4.997,1.928,9.621,1.3202,1.6875,70.602,-36.2,63.3,Yes
5.05,0.101,0.505,0.063,0.0004,1.432,-93.0,33.0,No
5.039,0.142,0.715,0.0581,0.0676,1.81,-94.4,30.0,No
5.05,0.16,0.79,0.0319,0.0552,0.734,-87.9,34.8,No
4.984,2.073,10.426,1.3158,1.813,69.664,-30.0,76.9,Yes
5.009,0.342,1.738,0.2624,0.1558,5.897,-72.5,35.9,No
5.078,0.071,0.347,0.095,0.0127,1.465,-86.4,32.9,No
5.018,0.657,3.302,0.5524,0.3616,41.765,-53.4,69.1,No
4.937,1.703,8.414,2.5254,3.7776,108.719,-22.3,81.1,Yes
5.034,1.047,5.202,0.6027,0.6968,25.093,-45.5,61.6,No
5.027,0.393,1.958,0.1907,0.0402,7.155,-69.2,43.5,No
5.04,0.988,4.943,0.486,0.6788,41.64,-47.2,57.5,Yes
5.002,0.757,3.723,0.4241,0.7906,24.376,-56.0,57.8,No
4.99,0.429,2.182,0.3118,0.2003,5.796,-68.1,52.0,No
4.889,2.366,11.588,3.4206,3.6767,102.892,-3.0,84.0,Yes
5.068,0.063,0.325,0.0212,0.038,2.632,-88.0,35.1,No
4.962,1.961,9.678,1.302,1.7229,52.328,-30.9,65.8,Yes
4.986,1.124,5.521,0.6954,0.5041,24.191,-43.0,68.3,No
5.04,0.668,3.403,0.3973,0.5949,37.685,-44.4,61.3,Yes
5.048,0.137,0.686,0.0905,0.0222,2.439,-63.9,35.1,No
4.823,2.886,13.765,3.3309,3.9721,122.305,-11.8,85.5,Yes
5.043,0.339,1.733,0.0499,0.1884,4.113,-82.6,43.8,No
4.954,1.904,9.511,2.247,1.1857,87.126,-35.5,71.7,Yes
5.009,0.163,0.787,0.2226,0.1662,3.6,-76.1,41.5,No
5.029,0.164,0.825,0.0303,0.0257,0.705,-93.0,36.3,No
4.865,2.974,14.448,3.3174,3.3492,104.586,-21.8,84.4,Yes
4.963,1.344,6.736,1.6943,2.1892,85.727,-32.9,69.4,Yes
5.029,0.402,2.02,0.1383,0.206,2.093,-76.5,41.7,No
4.902,2.851,13.809,2.2154,3.4899,129.574,-18.8,87.3,Yes
5.053,0.095,0.471,0.0021,0.028,2.348,-83.4,44.8,No
5.055,0.022,0.115,0.035,0.0695,0.876,-91.1,35.3,No
5.05,0.169,0.848,0.0722,0.0705,0.561,-76.9,34.9,No
5.039,0.141,0.711,0.1133,0.0468,1.712,-81.3,37.2,No
4.99,1.09,5.506,0.7153,0.6766,35.324,-41.3,69.1,Yes
5.047,0.08,0.401,0.0679,0.0075,2.301,-76.8,32.1,No
4.894,2.695,13.339,2.3141,3.6449,133.818,-20.9,86.2,Yes
5.039,0.215,1.094,0.199,0.1409,6.409,-79.5,49.7,No
5.0,0.217,1.091,0.118,0.1457,4.203,-80.5,36.2,No
5.009,0.15,0.749,0.1696,0.1017,6.591,-86.2,44.8,No
5.054,0.091,0.471,0.0858,0.0738,0.5,-85.6,31.0,No
5.04,0.2,0.985,0.1917,0.0469,7.125,-74.8,49.2,No
4.956,1.865,9.202,3.1074,3.0748,144.53,-16.3,81.9,Yes
4.962,1.699,8.339,2.2954,2.2135,43.415,-30.0,75.0,Yes
4.907,2.251,11.006,1.9117,2.1371,114.483,-10.3,76.3,Yes
5.0,0.514,2.567,0.3362,0.2482,7.479,-69.1,52.6,No
5.05,0.059,0.305,0.0533,0.0781,0.718,-81.8,39.5,No
5.012,0.433,2.173,0.2435,0.1796,6.057,-63.2,44.9,No
4.915,2.537,12.494,3.0866,3.7098,122.662,-25.9,88.0,Yes
4.964,1.668,8.284,1.8385,1.6248,60.602,-38.3,67.6,Yes
4.991,0.719,3.593,0.5993,0.3488,41.468,-42.8,64.4,No
5.032,0.185,0.95,0.1199,0.0456,1.79,-81.3,31.2,No
4.991,1.024,5.009,0.8351,0.6409,11.608,-56.3,62.1,Yes
5.044,0.092,0.447,0.0,0.0515,0.752,-78.7,39.0,No
5.04,0.877,4.394,0.5352,0.3345,12.742,-60.8,54.3,Yes
5.044,0.116,0.571,0.0939,0.0705,2.401,-95.5,36.1,No
4.947,2.181,10.82,2.2701,2.6352,130.465,-16.5,81.3,Yes
4.986,0.614,2.924,0.4964,0.8045,20.807,-40.6,62.9,No
5.039,0.415,2.137,0.2607,0.2325,7.594,-53.5,48.1,No
4.989,0.688,3.383,0.8313,0.4109,16.454,-51.7,70.1,No
5.001,0.339,1.721,0.2221,0.0382,1.676,-70.0,37.3,No
4.939,2.318,11.447,2.4185,2.1129,129.028,-12.1,78.6,Yes
5.061,0.163,0.817,0.1103,0.0747,1.504,-87.1,39.7,No
5.001,0.754,3.855,0.5037,0.6798,23.322,-54.8,56.8,No
4.89,2.865,14.007,2.6732,3.3622,131.507,-22.9,94.5,Yes
4.909,2.92,14.261,3.4577,3.8356,89.929,-30.4,86.2,Yes
4.913,2.261,11.077,3.1203,3.1745,118.45,-12.2,87.1,Yes
4.907,2.627,12.864,2.7899,3.4592,119.878,-18.3,85.1,Yes
4.928,2.879,14.209,2.5175,3.9669,137.574,-17.0,85.2,Yes
5.013,0.371,1.848,0.1157,0.0473,3.689,-59.2,47.1,No
4.914,1.956,9.659,2.887,4.2019,108.21,-23.3,91.4,Yes
5.021,0.48,2.439,0.3038,0.2708,6.534,-56.6,48.0,No
5.004,1.544,7.703,2.1209,2.3908,73.702,-42.7,74.0,Yes
5.055,0.038,0.183,0.1026,0.0334,0.708,-95.4,30.0,No
5.015,0.523,2.603,0.213,0.1703,7.696,-67.0,53.4,No
5.055,0.41,2.025,0.0391,0.1519,3.418,-75.4,46.8,No
5.024,0.067,0.332,0.0685,0.0187,1.165,-92.2,33.6,No
5.036,0.508,2.582,0.2593,0.1959,7.326,-59.2,46.8,No
5.028,0.067,0.345,0.0624,0.007,2.712,-84.6,30.0,No
5.006,1.007,4.896,0.7724,0.4816,9.41,-52.7,60.1,Yes
4.889,2.739,13.602,2.937,4.3577,116.582,-13.0,79.3,Yes
5.001,0.512,2.515,0.2733,0.2886,6.869,-62.9,49.3,No
4.906,2.915,14.323,3.8101,4.1827,121.933,-28.1,72.0,Yes
4.884,3.033,14.843,2.9386,4.1832,122.679,-18.4,89.6,Yes
5.059,0.077,0.405,0.0119,0.0253,2.07,-101.1,35.3,No
5.02,0.72,3.59,0.7489,0.5602,22.674,-31.3,66.4,Yes
5.023,0.463,2.36,0.2765,0.1479,7.302,-53.2,50.7,No
5.071,0.146,0.752,0.0917,0.0609,1.373,-82.0,32.5,No
5.012,1.108,5.51,0.6647,0.6867,15.114,-48.3,63.5,No
4.977,1.863,9.356,1.2145,1.6999,91.393,-48.9,73.5,Yes
5.044,0.424,2.113,0.0584,0.095,4.627,-82.1,36.0,No
5.04,1.224,6.027,0.7253,0.3503,34.724,-39.2,64.6,Yes
5.055,0.125,0.604,0.1043,0.0674,3.713,-84.3,43.9,No
5.028,0.635,3.185,0.5992,0.476,25.629,-56.6,65.5,No
5.03,0.254,1.272,0.268,0.0709,2.006,-81.4,41.4,No
4.961,1.651,8.142,1.4787,1.9751,56.341,-37.6,72.8,Yes
5.017,1.036,5.226,0.7654,0.48,33.187,-56.9,64.1,Yes
5.041,0.418,2.115,0.2199,0.1875,5.423,-58.3,53.1,No
4.972,1.636,8.22,2.1539,1.8231,92.778,-37.1,71.3,Yes
5.014,0.175,0.902,0.078,0.1212,5.288,-76.6,42.1,No
5.052,0.377,1.881,0.2051,0.0862,4.792,-65.6,37.7,No
5.045,0.191,0.969,0.1082,0.058,5.299,-85.4,48.3,No
4.954,1.548,7.731,1.2416,1.6653,63.105,-39.4,70.8,Yes
4.909,1.86,9.066,3.8729,3.4747,93.681,-27.2,86.7,Yes
5.013,0.056,0.281,0.1027,0.054,3.158,-85.8,38.2,No
5.0,0.441,2.248,0.1143,0.0448,1.978,-81.1,39.4,No
5.023,1.135,5.785,0.6667,0.7749,23.673,-46.0,59.2,Yes
4.902,1.777,8.735,2.934,2.3252,121.424,-15.8,80.5,Yes
4.907,1.725,8.533,2.8565,2.1642,107.651,-14.4,78.7,Yes
4.926,2.183,10.598,2.9732,2.8301,141.021,-1.6,73.8,Yes
4.896,2.486,12.145,2.5789,2.7861,103.3,-6.2,69.3,Yes
5.051,0.242,1.204,0.2253,0.0452,3.414,-94.1,38.2,No
5.046,0.208,1.054,0.1977,0.0331,6.758,-73.5,44.8,No
4.998,1.754,8.804,2.0146,2.3215,52.707,-36.8,70.0,Yes
4.901,2.108,10.258,2.5296,3.267,99.081,-9.7,81.6,Yes
5.065,0.258,1.278,0.1416,0.0533,6.892,-74.4,41.8,No
4.922,1.92,9.416,2.1852,2.5292,109.773,-25.3,85.8,Yes
4.994,1.577,7.848,1.3922,1.5287,40.453,-49.2,69.1,Yes
4.879,2.268,11.078,3.7278,3.6543,127.002,-29.2,86.4,Yes
5.014,0.264,1.336,0.2656,0.0494,1.967,-74.0,40.3,No
5.036,0.387,1.95,0.0986,0.2241,3.396,-73.7,47.2,No
4.915,1.837,9.046,2.5999,3.7566,80.385,-25.0,82.8,Yes
5.005,0.76,3.836,0.8899,0.6535,32.471,-43.0,60.7,Yes
5.071,0.106,0.542,0.0809,0.0606,1.411,-87.2,38.2,No
4.936,3.11,15.428,2.2818,3.2937,101.209,-20.0,83.4,Yes
4.929,1.823,8.944,2.471,3.5403,117.841,-19.3,79.3,Yes
4.925,1.79,8.905,2.8589,2.0815,119.755,-12.3,76.7,Yes
5.045,0.07,0.342,0.0046,0.0723,1.806,-97.0,34.1,No
5.056,0.065,0.319,0.0989,0.0503,1.772,-97.4,35.9,No
5.015,0.506,2.556,0.2782,0.2642,5.943,-46.1,51.8,No
5.048,0.393,2.012,0.1158,0.0818,1.857,-71.8,42.7,No
5.032,0.195,1.046,0.0489,0.1936,5.901,-58.4,38.5,No
5.006,0.861,4.382,0.6297,0.3434,15.579,-48.0,52.2,Yes
5.04,0.114,0.576,0.0218,0.051,0.868,-98.4,39.0,No
5.022,0.261,1.28,0.2439,0.2164,7.218,-73.2,42.2,No
5.072,0.119,0.602,0.0964,0.0078,0.985,-84.5,35.7,No
5.048,0.068,0.314,0.0923,0.0362,0.664,-81.5,36.7,No
4.882,1.694,8.325,1.8558,2.3812,143.577,-15.5,82.4,Yes
4.924,1.708,8.555,2.1955,3.407,139.943,-10.8,83.6,Yes
5.038,0.354,1.787,0.1963,0.1738,2.845,-75.5,50.7,No
4.925,1.676,8.246,2.4491,2.7835,107.688,-22.6,87.6,Yes
5.056,0.055,0.29,0.1041,0.0339,1.332,-88.4,44.0,No
5.006,1.218,6.023,0.7023,0.4146,13.233,-52.7,61.4,No
4.948,1.9,9.348,2.3676,3.7956,120.004,-16.9,73.7,Yes
5.054,0.14,0.715,0.0538,0.0236,1.602,-88.2,35.1,No
5.008,0.488,2.442,0.255,0.1621,6.513,-47.5,52.7,No
4.972,1.982,9.875,1.6356,1.678,83.701,-31.0,72.8,Yes
4.884,1.877,9.459,3.1721,3.1711,111.087,-21.4,88.4,Yes
5.028,0.268,1.35,0.201,0.0683,4.103,-82.8,48.0,No
4.908,2.178,10.632,3.4597,3.6035,97.677,-9.0,84.8,Yes
5.047,0.037,0.189,0.0404,0.0731,0.572,-96.4,33.9,No
5.005,1.139,5.72,0.6693,0.7046,41.502,-30.0,59.9,No
4.996,0.529,2.576,0.2643,0.1963,7.162,-70.6,51.6,No
4.985,1.148,5.637,0.6783,0.6451,22.818,-55.6,64.0,No
5.055,0.168,0.849,0.0107,0.0156,0.914,-83.1,42.9,No
4.899,2.642,12.924,2.4814,2.7253,131.272,-17.0,84.9,Yes
4.977,1.773,8.875,1.7048,2.1881,81.855,-44.7,72.3,Yes
5.027,0.03,0.163,0.0958,0.0599,3.088,-100.0,31.6,No
5.034,0.174,0.874,0.166,0.0725,2.595,-73.4,52.0,No
5.035,0.113,0.567,0.2639,0.0485,5.848,-67.7,44.0,No
5.04,0.416,2.153,0.1157,0.1145,7.628,-95.3,39.6,No
5.019,0.433,2.143,0.2904,0.2467,6.57,-58.7,49.3,No
4.948,2.359,11.583,2.6819,3.1209,122.374,-27.3,80.4,Yes
4.938,1.529,7.557,1.4617,1.6659,68.697,-32.5,69.3,Yes
5.018,0.429,2.135,0.3064,0.2496,7.507,-46.4,52.5,No
5.062,0.168,0.839,0.0172,0.0448,2.491,-86.2,35.8,No
4.955,2.4,11.816,3.3453,4.3197,116.761,-29.2,78.9,Yes
5.013,0.951,4.761,0.8287,0.6733,23.401,-34.6,58.1,No
5.055,0.174,0.891,0.08,0.0096,0.992,-90.1,40.6,No
4.88,2.965,14.482,3.4412,4.262,141.667,-16.4,80.7,Yes
5.022,0.211,1.116,0.2307,0.1948,2.38,-82.6,42.3,No
4.959,1.559,7.795,1.7194,2.3272,88.321,-39.8,73.2,Yes
4.921,2.398,11.833,2.8605,2.5256,135.173,-22.5,84.0,Yes
4.936,1.78,8.692,2.0457,2.0053,103.348,-28.7,78.3,Yes
4.947,2.023,9.965,1.2919,1.681,73.398,-37.3,62.0,Yes
5.008,0.369,1.837,0.1432,0.1905,5.689,-85.4,51.8,No
4.971,1.836,9.053,1.2931,1.2275,58.779,-34.2,64.0,Yes
5.024,0.271,1.342,0.1544,0.0762,3.817,-68.1,38.4,No
4.904,2.401,11.672,3.0754,3.6247,85.763,-12.9,91.6,Yes
5.052,0.067,0.338,0.0843,0.0785,1.62,-94.8,36.3,No
4.861,2.767,13.447,2.7541,2.9326,127.577,-18.3,86.8,Yes
5.032,0.442,2.188,0.2341,0.1606,6.193,-52.3,51.5,No
4.968,1.873,9.291,2.0375,2.3237,62.068,-29.6,81.7,Yes
4.907,2.299,11.34,3.0695,2.8089,80.839,-24.6,89.5,Yes
4.868,2.424,11.896,3.2084,3.0603,89.952,-17.5,85.6,Yes
5.018,0.522,2.591,0.2914,0.2271,7.82,-54.5,45.1,No
4.908,1.528,7.571,3.1811,3.4505,145.913,-21.6,85.1,Yes
4.952,2.477,12.284,3.2751,2.2442,117.44,-14.1,84.0,Yes
5.004,0.457,2.284,0.2034,0.2645,6.775,-58.0,49.4,No
4.917,2.787,13.716,3.5571,4.1319,135.185,-9.3,86.1,Yes
5.051,0.029,0.141,0.0177,0.0344,1.67,-77.9,34.6,No
4.921,1.556,7.675,2.5085,3.0371,133.336,-23.6,80.8,Yes
4.869,1.675,8.018,2.8705,3.0834,127.884,-19.5,86.4,Yes
5.013,0.847,4.229,0.523,0.4673,36.541,-35.8,72.0,No
5.073,0.039,0.193,0.0577,0.0603,0.563,-91.5,37.3,No
5.039,0.127,0.635,0.1548,0.1327,5.272,-64.4,41.7,No
5.004,0.459,2.273,0.2428,0.2884,7.312,-66.7,48.9,No
4.886,2.464,11.951,2.3372,3.7867,128.97,-16.3,87.5,Yes
4.831,2.285,11.002,2.3387,3.7006,75.952,-20.6,95.0,Yes
4.997,1.38,6.903,1.4512,2.2007,82.872,-26.7,75.3,Yes
5.006,1.195,6.073,0.6763,0.4486,13.273,-33.3,61.3,Yes
4.984,1.172,5.897,0.4183,0.3458,13.963,-57.8,71.6,No
5.055,0.018,0.08,0.0544,0.0393,1.861,-102.0,34.4,No
4.942,1.667,8.261,2.0417,3.4626,138.431,-31.6,81.1,Yes
5.035,0.197,0.987,0.0979,0.2137,2.831,-78.4,49.8,No
5.02,0.386,1.934,0.1624,0.0905,6.797,-66.9,44.7,No
5.047,0.053,0.258,0.0011,0.0795,1.953,-85.4,38.3,No
4.944,2.579,12.693,3.6383,2.9043,75.031,-19.8,83.2,Yes
5.0,0.407,2.024,0.1682,0.085,2.077,-64.4,44.5,No
5.042,0.391,1.978,0.1908,0.1724,3.076,-70.8,43.1,No
4.951,2.023,9.989,1.5326,2.3275,94.6,-30.3,70.1,Yes
5.07,0.043,0.217,0.1064,0.0681,0.559,-81.9,38.9,No
5.032,0.165,0.851,0.1066,0.0401,2.602,-91.6,37.7,No
4.909,2.732,13.437,2.8484,3.763,139.264,-15.3,81.0,Yes
5.0,0.28,1.4,0.2486,0.0604,5.097,-83.5,44.6,No
5.071,0.133,0.7,0.076,0.0241,1.911,-84.6,36.4,No
5.03,0.016,0.066,0.0846,0.0657,2.787,-88.9,30.2,No
5.02,0.677,3.445,0.583,0.3345,26.817,-55.9,63.3,No
5.015,0.571,2.746,0.8943,0.4385,34.117,-56.3,59.2,Yes
4.968,1.941,9.649,1.6422,1.2171,60.558,-40.5,75.3,Yes
5.006,0.525,2.693,0.2985,0.1573,6.167,-55.2,50.7,No
5.037,0.48,2.438,0.2469,0.2171,5.972,-72.3,51.9,No
5.049,0.043,0.222,0.0661,0.04,1.511,-89.2,31.1,No
5.057,0.066,0.338,0.0669,0.0361,1.792,-98.2,38.6,No
4.891,2.122,10.389,2.642,4.3473,120.082,-19.7,85.6,Yes
5.026,0.296,1.505,0.2172,0.1035,5.413,-56.0,49.3,No
4.882,3.027,14.743,3.8055,2.8494,127.516,-21.5,79.6,Yes
4.941,2.3,11.296,2.6249,3.0219,101.376,-26.0,77.0,Yes
4.99,0.447,2.244,0.3074,0.1933,7.232,-56.5,54.6,No
4.977,1.478,7.491,1.5793,2.1108,49.434,-33.2,72.3,Yes
4.908,1.548,7.658,3.0652,2.4056,108.868,-28.4,88.0,Yes
5.002,0.431,2.163,0.106,0.1585,4.569,-69.2,42.5,No
5.086,0.025,0.104,0.0363,0.065,1.295,-88.3,31.3,No
4.865,2.795,13.71,3.4353,3.0716,115.065,-20.2,92.1,Yes
4.959,1.932,9.565,2.8576,3.7078,138.682,-10.9,78.7,Yes
5.041,0.035,0.177,0.0596,0.0437,3.07,-87.1,42.1,No
5.005,1.245,6.244,0.4799,0.4914,23.514,-47.1,59.3,Yes
4.918,1.963,9.466,1.8524,2.1779,125.961,-18.0,86.3,Yes
5.012,0.86,4.208,0.6375,0.6603,11.054,-48.0,60.5,Yes
5.018,0.652,3.204,0.4543,0.4667,41.964,-63.2,68.6,Yes
5.006,0.508,2.546,0.2072,0.2449,7.307,-56.8,52.2,No
5.028,0.893,4.445,0.5079,0.4129,25.134,-62.5,56.6,No
4.936,1.752,8.569,2.0431,2.4254,137.146,-9.2,84.9,Yes
5.056,0.142,0.721,0.1138,0.0519,1.114,-99.1,39.7,No
4.897,1.97,9.843,3.5281,4.5452,128.05,-40.4,85.3,Yes
4.99,0.503,2.477,0.202,0.1888,6.006,-62.0,51.0,No
4.98,1.863,9.331,1.9762,1.4675,79.983,-32.4,65.4,Yes
5.04,0.143,0.706,0.0714,0.0487,3.368,-87.5,36.4,No
4.85,2.788,13.444,3.6885,2.563,83.015,-9.1,79.9,Yes
5.019,0.995,4.891,0.7297,0.7454,32.979,-45.5,52.7,Yes
4.984,1.561,7.759,2.3172,1.2063,53.715,-34.6,66.9,Yes
5.011,0.49,2.483,0.3091,0.2541,6.737,-62.3,51.0,No
4.882,2.233,11.077,3.4231,3.3851,99.348,-13.4,85.9,Yes
5.009,0.29,1.476,0.0573,0.1808,3.05,-47.6,46.3,No
5.016,0.959,4.794,0.5836,0.6472,38.402,-56.7,52.0,Yes
5.045,0.137,0.702,0.1215,0.0344,2.141,-95.9,36.5,No
5.021,0.109,0.553,0.0152,0.0449,2.727,-80.8,37.6,No
5.02,0.128,0.634,0.0945,0.0601,2.45,-67.5,51.5,No
5.046,0.134,0.688,0.054,0.031,0.705,-94.3,30.8,No
4.942,2.029,10.137,2.698,2.2684,110.4,-35.4,76.8,Yes
5.075,0.081,0.399,0.0308,0.0637,3.113,-83.4,37.8,No
5.012,0.578,2.874,0.5438,0.5136,33.252,-53.1,64.5,No
4.896,2.19,10.888,2.341,3.0405,103.393,-20.1,87.8,Yes
5.068,0.145,0.713,0.0724,0.0198,2.734,-82.2,32.7,No
4.983,2.06,10.247,1.8439,1.7441,41.961,-38.3,69.6,Yes
5.038,0.141,0.698,0.2287,0.072,1.44,-58.4,41.1,No
4.91,2.582,12.765,2.4565,3.8942,97.829,-12.5,93.1,Yes
4.883,1.835,8.949,2.5823,3.1634,91.034,-17.9,84.2,Yes
5.036,0.42,2.077,0.2238,0.2735,6.597,-51.1,55.0,No
5.039,0.153,0.781,0.0492,0.0097,3.059,-77.7,36.7,No
5.031,0.095,0.478,0.0257,0.0679,2.047,-100.0,38.4,No
4.948,1.825,8.978,1.5266,1.2409,38.276,-18.4,68.3,Yes
4.996,0.439,2.153,0.246,0.1698,7.615,-68.3,47.3,No
4.992,0.816,4.02,0.7975,0.491,41.812,-43.4,61.5,No
5.005,1.736,8.789,1.9531,2.2485,64.401,-30.7,77.7,Yes
5.029,0.326,1.666,0.1985,0.0633,3.365,-62.6,48.4,No
5.024,0.431,2.154,0.2631,0.0274,1.852,-85.7,47.4,No
5.02,0.881,4.384,0.4765,0.4341,35.482,-41.8,57.8,No
5.06,0.144,0.727,0.0124,0.0078,1.575,-91.4,36.2,No
4.99,0.491,2.448,0.3275,0.2724,5.555,-52.0,49.6,No
4.904,2.193,10.749,2.1561,3.6701,123.967,-18.2,81.4,Yes
4.86,2.19,10.704,3.0787,3.0339,130.823,-16.2,81.5,Yes
4.863,1.819,8.737,2.9742,3.1214,83.191,-30.3,83.7,Yes
4.906,2.149,10.519,3.1091,2.2433,130.886,-16.6,89.9,Yes
5.048,0.116,0.594,0.1085,0.1525,5.311,-59.2,42.6,No
5.041,0.025,0.126,0.0176,0.0257,2.151,-79.4,42.3,No
4.862,2.268,10.886,2.2041,3.1991,75.149,-24.3,85.8,Yes
5.071,0.192,0.996,0.0865,0.1445,6.463,-60.7,43.9,No
5.038,0.349,1.763,0.2468,0.1784,5.857,-69.7,45.2,No
4.876,1.938,9.403,3.8943,3.4988,129.271,-11.2,88.7,Yes
5.061,0.078,0.423,0.0769,0.0474,2.797,-95.8,45.1,No
5.058,0.197,1.005,0.158,0.1742,6.783,-83.6,39.6,No
5.065,0.144,0.744,0.1076,0.0723,2.85,-87.3,34.0,No
5.023,0.452,2.246,0.2047,0.177,7.368,-45.0,51.6,No
4.88,2.206,10.902,2.891,4.2834,137.701,-21.3,93.7,Yes
5.039,0.415,2.064,0.121,0.0545,3.218,-84.0,47.9,No
5.05,0.396,2.05,0.2244,0.2719,6.887,-78.2,49.3,No
4.944,1.724,8.475,2.0416,3.35,102.134,-10.1,79.7,Yes
4.886,1.806,8.941,2.7624,2.9764,125.252,-19.7,77.6,Yes
4.943,1.836,9.038,2.1505,2.2984,82.217,-36.9,69.6,Yes
4.898,2.852,13.981,2.4315,4.1398,82.852,-13.6,83.5,Yes
5.069,0.054,0.27,0.0512,0.0336,1.407,-72.1,34.8,No
5.034,1.207,6.033,0.8858,0.7788,16.941,-43.1,64.0,Yes
5.038,0.063,0.3,0.0894,0.0713,2.492,-88.2,33.1,No
4.996,0.429,2.119,0.2348,0.2526,6.883,-53.7,51.5,No
4.935,2.053,10.114,3.0368,2.9668,112.19,-13.0,90.6,Yes
5.027,0.356,1.764,0.101,0.1917,4.128,-54.2,36.3,No
4.994,0.409,2.06,0.2557,0.2407,7.295,-74.1,47.8,No
4.997,0.897,4.529,0.4974,0.6612,19.747,-47.3,63.5,No
4.986,0.677,3.283,0.5044,0.8373,25.149,-40.1,62.4,Yes
5.058,0.105,0.504,0.02,0.0535,2.945,-77.3,38.0,No
4.995,1.115,5.468,0.8202,0.6274,36.636,-43.9,69.1,Yes
5.047,0.079,0.386,0.0903,0.022,0.885,-79.3,37.3,No
5.024,0.255,1.278,0.117,0.0438,4.611,-91.5,47.6,No
5.073,0.258,1.338,0.252,0.2086,5.68,-92.0,42.5,No
5.014,1.432,7.254,1.3003,2.2275,64.942,-34.8,73.3,Yes
4.994,0.644,3.177,0.3908,0.4464,26.536,-47.7,66.7,Yes
5.057,0.14,0.709,0.1213,0.0285,0.784,-90.3,36.8,No
4.995,0.618,3.059,0.5464,0.4515,11.819,-52.5,56.8,Yes
5.004,0.445,2.197,0.2067,0.0687,7.457,-72.0,45.2,No
5.022,0.286,1.468,0.2295,0.0846,3.406,-51.8,49.8,No
4.981,1.008,4.947,0.695,0.747,26.142,-33.6,65.0,Yes
4.911,1.678,8.15,2.5967,3.0874,143.549,-2.1,76.7,Yes
5.058,0.012,0.054,0.0379,0.0164,0.528,-92.5,30.0,No
5.064,0.044,0.211,0.0366,0.0351,2.229,-88.2,37.8,No
4.928,2.401,11.931,3.8267,3.2377,77.592,-9.7,85.2,Yes
5.013,1.057,5.334,0.7055,0.6295,35.466,-43.2,52.4,No
5.053,0.163,0.823,0.0934,0.0323,0.683,-95.9,42.1,No
5.052,0.126,0.618,0.0,0.0034,1.924,-86.8,36.4,No
5.036,0.449,2.289,0.0527,0.1942,6.857,-71.2,41.1,No
5.067,0.01,0.064,0.0705,0.0058,1.405,-90.8,36.1,No
4.942,2.555,12.609,2.1844,2.7979,102.728,-23.8,80.7,Yes
5.049,0.284,1.37,0.2304,0.0596,5.804,-66.5,46.9,No
4.99,0.762,3.758,0.7458,0.389,40.093,-65.0,65.6,Yes
5.004,0.512,2.581,0.2201,0.2648,5.911,-62.9,54.3,No
5.009,0.367,1.826,0.26,0.208,5.136,-80.6,41.1,No
4.907,1.916,9.472,3.8516,2.6022,134.736,-24.8,93.1,Yes
4.944,1.681,8.364,2.2652,3.5733,142.901,-6.6,79.0,Yes
5.006,0.503,2.551,0.2487,0.2202,7.223,-69.1,49.7,No
4.966,1.308,6.586,1.9345,1.2478,44.287,-43.9,77.0,Yes
5.031,0.453,2.294,0.2527,0.1859,3.534,-75.1,50.6,No
5.065,0.094,0.474,0.0111,0.0025,2.59,-94.1,34.0,No
5.037,0.179,0.914,0.1931,0.0777,5.975,-63.4,51.7,No
5.038,0.232,1.147,0.1587,0.1836,6.011,-67.9,36.9,No
4.977,1.541,7.673,2.386,1.867,91.896,-31.6,77.9,Yes
5.068,0.083,0.426,0.0304,0.026,2.221,-78.7,35.2,No
4.963,1.754,8.671,1.2143,1.2589,69.074,-34.3,71.0,Yes
5.028,0.113,0.57,0.0269,0.0572,1.982,-68.2,39.5,No
5.028,0.664,3.337,0.8314,0.5515,38.03,-51.8,66.1,Yes
4.907,2.174,10.608,2.5583,2.399,95.312,-28.6,75.3,Yes
5.006,1.22,6.113,0.5212,0.7738,31.542,-45.8,64.0,Yes
4.99,0.471,2.379,0.1994,0.236,6.043,-52.8,48.7,No
4.849,2.72,13.105,2.7153,4.3482,117.587,-20.4,83.5,Yes
5.018,0.749,3.662,0.7617,0.4567,37.185,-37.1,67.6,No
5.029,0.156,0.808,0.0703,0.0095,1.485,-87.6,30.0,No
4.882,2.36,11.549,2.779,3.2994,104.28,-13.0,84.9,Yes
4.914,2.483,12.183,1.9184,2.6739,144.868,-20.4,92.0,Yes
5.036,0.713,3.55,0.8216,0.777,16.862,-55.1,61.3,No
5.019,1.222,6.096,0.533,0.4036,33.633,-48.1,63.5,Yes
5.056,0.104,0.533,0.084,0.0155,1.454,-79.0,33.0,No
5.056,0.068,0.329,0.0964,0.0179,2.927,-89.3,38.4,No
5.029,0.366,1.838,0.188,0.1203,3.668,-83.0,41.1,No
5.022,0.601,3.016,0.6048,0.7083,32.385,-54.7,69.8,Yes
5.051,0.106,0.54,0.0611,0.0574,2.502,-100.7,37.0,No
5.03,1.268,6.395,0.3811,0.6251,39.298,-41.2,61.3,No
5.054,0.069,0.358,0.0656,0.0314,0.848,-73.9,36.0,No
5.067,0.142,0.704,0.0492,0.0204,2.079,-82.7,35.8,No
4.907,1.903,9.536,2.6141,3.7245,81.462,-18.3,84.5,Yes
5.056,0.173,0.882,0.096,0.028,2.904,-87.0,34.6,No
4.867,2.785,13.488,3.8262,2.8369,97.87,-14.5,75.3,Yes
5.028,0.155,0.785,0.086,0.0246,2.192,-74.7,40.8,No
5.045,0.091,0.457,0.0445,0.0436,1.053,-72.3,32.6,No
4.888,1.526,7.484,2.6388,3.7227,121.951,-15.3,78.5,Yes
4.992,0.971,4.88,0.4659,0.8495,14.373,-30.0,54.8,Yes
5.0,0.438,2.167,0.2892,0.2778,6.931,-61.8,51.8,No
5.011,0.704,3.511,0.5822,0.5866,37.505,-58.6,65.8,Yes
4.988,1.876,9.447,2.2168,1.2129,94.95,-23.1,76.2,Yes
4.929,2.403,11.731,2.4884,4.3153,77.74,-12.9,86.6,Yes
5.044,0.076,0.385,0.0733,0.0005,2.873,-93.5,38.8,No
5.014,0.504,2.526,0.2903,0.1589,6.569,-51.9,51.8,No
5.016,0.612,3.122,0.563,0.8181,19.911,-47.3,58.8,No
4.949,1.79,8.88,1.4501,1.851,56.124,-49.7,71.3,Yes
4.98,1.195,5.888,0.561,0.3537,16.768,-48.3,59.8,Yes
5.004,0.66,3.346,0.5336,0.7819,10.005,-51.0,64.3,Yes
5.034,0.844,4.292,0.4967,0.525,20.349,-59.6,70.1,No
5.04,1.022,5.15,0.4712,0.8274,30.635,-43.7,60.6,Yes
5.011,0.148,0.746,0.0804,0.2128,6.339,-51.0,41.6,No
4.993,0.498,2.488,0.3014,0.2767,7.28,-57.4,50.5,No
4.948,2.09,10.306,1.8049,2.8716,101.793,-11.7,70.4,Yes
5.059,0.019,0.101,0.0446,0.0294,1.026,-86.3,30.0,No
5.045,0.506,2.578,0.2046,0.2401,5.689,-55.8,50.3,No
5.037,0.441,2.237,0.148,0.1097,1.224,-59.9,39.8,No
4.934,2.575,12.793,3.0627,3.6867,130.229,-16.7,76.2,Yes
4.991,0.474,2.329,0.2784,0.2254,5.681,-56.1,48.6,No
4.993,1.814,8.913,1.4821,1.736,88.031,-17.8,62.1,Yes
5.039,0.105,0.541,0.1139,0.0212,1.097,-66.7,39.1,No
4.875,2.065,10.025,3.304,2.8132,75.554,-34.4,84.0,Yes
4.902,2.434,12.114,1.9173,2.3056,100.348,-21.2,71.4,Yes
5.054,0.423,2.12,0.0867,0.2104,1.437,-74.9,49.6,No
4.968,1.9,9.39,1.853,1.5036,54.507,-31.7,66.1,Yes
4.953,1.42,6.987,1.5247,1.9109,75.921,-37.5,64.1,Yes
4.901,2.365,11.423,2.0991,2.137,133.982,-18.6,77.5,Yes
5.003,1.896,9.476,2.4417,1.1581,87.491,-33.4,76.3,Yes
4.995,1.454,7.254,2.1689,1.4581,48.06,-19.2,68.4,Yes
5.076,0.053,0.288,0.0699,0.0166,1.826,-75.9,38.9,No
5.029,0.091,0.471,0.029,0.0318,2.002,-87.9,36.5,No
4.886,2.048,9.974,3.5201,3.57,80.737,-19.1,84.7,Yes
5.022,0.345,1.768,0.214,0.1355,1.707,-75.8,39.8,No
5.067,0.082,0.418,0.0378,0.0194,1.055,-96.1,38.4,No
5.028,0.13,0.647,0.0268,0.047,2.626,-93.2,30.0,No
4.934,2.077,10.232,1.9664,2.2129,129.144,-19.9,78.8,Yes
4.904,2.197,10.687,2.8963,4.3938,129.485,-14.9,80.2,Yes
5.077,0.073,0.375,0.0634,0.0488,0.815,-82.3,35.5,No
4.856,2.283,11.019,2.8941,3.4666,78.666,-13.5,83.7,Yes
4.98,2.369,11.759,1.8912,3.2132,137.085,-17.8,80.0,Yes
4.981,0.652,3.229,0.8498,0.8083,28.052,-48.3,59.8,Yes
5.005,0.708,3.511,0.67,0.777,19.223,-50.9,52.6,Yes
4.868,1.772,8.503,2.3716,2.5969,95.305,-32.8,83.2,Yes
5.004,0.484,2.432,0.2343,0.2416,7.9,-72.1,49.1,No
4.869,2.137,10.576,2.4682,4.526,76.586,-31.7,95.0,Yes
5.065,0.145,0.763,0.0424,0.0319,2.344,-95.0,38.4,No
5.02,0.379,1.895,0.07,0.0491,1.588,-85.7,50.6,No
4.998,1.46,7.209,1.2422,2.3411,83.422,-30.0,74.1,Yes
5.065,0.048,0.239,0.0754,0.0605,2.266,-80.1,41.7,No
5.005,0.434,2.163,0.2503,0.2009,7.598,-58.8,51.5,No
5.0,0.194,0.964,0.1357,0.0498,2.109,-79.6,47.3,No
5.022,0.02,0.094,0.0689,0.0447,2.66,-86.3,33.0,No
4.908,2.856,13.96,3.1675,3.0752,103.723,-12.9,75.8,Yes
4.942,1.7,8.521,2.0608,2.0618,77.829,-48.0,65.2,Yes
4.989,1.513,7.569,2.1648,2.3361,70.906,-37.3,79.1,Yes
5.058,0.13,0.668,0.0202,0.0263,2.925,-93.6,42.9,No
5.047,0.144,0.711,0.0247,0.0636,2.315,-83.4,34.2,No
5.0,0.309,1.544,0.1157,0.1397,1.664,-60.1,40.5,No
5.04,0.035,0.182,0.0498,0.0104,1.844,-85.8,36.6,No
5.075,0.086,0.423,0.0123,0.0729,2.039,-91.5,33.5,No
4.98,0.9,4.435,0.408,0.6008,35.006,-54.3,68.2,Yes
5.05,0.061,0.314,0.0441,0.0183,0.535,-88.9,41.2,No
5.032,0.172,0.883,0.1846,0.0951,1.125,-75.3,42.2,No
5.049,0.051,0.248,0.0881,0.061,3.161,-90.9,39.3,No
5.069,0.115,0.582,0.0271,0.0348,2.266,-79.5,36.1,No
5.026,0.89,4.415,0.6695,0.6135,35.433,-37.8,59.7,No
4.99,1.165,5.784,0.3627,0.3541,21.84,-37.8,60.3,Yes
5.037,0.095,0.465,0.1134,0.2211,4.527,-60.9,47.2,No
4.888,2.259,11.045,2.7885,2.9419,91.265,-27.1,76.8,Yes
4.99,0.489,2.448,0.2411,0.2118,5.884,-66.6,51.0,No
5.061,0.433,2.223,0.2056,0.2205,6.251,-61.0,46.8,No
4.906,2.557,12.407,3.2274,2.2826,121.655,-17.7,68.9,Yes
5.003,0.443,2.187,0.2484,0.2066,6.811,-67.7,47.8,No
4.953,1.641,8.151,3.2616,3.6692,126.639,-22.6,81.8,Yes
5.043,0.147,0.74,0.0463,0.0222,0.909,-82.7,35.0,No
4.911,1.503,7.335,2.8825,3.2734,106.618,-24.5,81.8,Yes
4.925,1.67,8.163,3.2737,3.3365,131.892,-18.4,92.0,Yes
5.05,0.053,0.242,0.0593,0.0613,2.212,-92.5,37.6,No
5.02,0.534,2.662,0.3064,0.1772,7.096,-61.5,54.7,No
5.022,1.181,5.867,0.8837,0.7829,35.765,-45.0,67.7,No
4.88,1.94,9.371,2.2466,3.2181,82.591,-15.9,85.8,Yes
5.026,0.694,3.427,0.5359,0.3687,32.064,-64.3,61.2,Yes
4.895,2.784,13.62,2.9576,3.2071,107.013,-18.3,89.5,Yes
5.03,0.4,2.006,0.0711,0.1519,4.343,-56.5,43.0,No
5.024,0.625,3.175,0.7414,0.5686,33.422,-63.3,62.2,Yes
5.014,0.287,1.436,0.1808,0.0718,3.973,-73.4,43.2,No
5.048,0.125,0.65,0.0521,0.0716,3.655,-61.0,40.8,No
5.042,0.125,0.606,0.0775,0.0751,2.644,-96.0,32.7,No
4.962,2.28,11.179,2.539,3.6095,104.991,-8.4,85.7,Yes
5.035,0.109,0.58,0.1257,0.0535,5.26,-71.9,44.6,No
5.019,1.194,6.113,0.6693,0.3387,30.336,-58.6,64.4,Yes
4.995,0.792,3.931,0.8354,0.3,16.814,-40.5,58.9,No
4.993,1.711,8.532,1.3105,1.3858,78.966,-37.0,76.3,Yes
5.013,1.488,7.476,2.2701,1.5759,64.379,-37.8,64.3,Yes
4.995,2.055,10.259,1.7714,1.4028,94.396,-56.0,68.9,Yes
4.941,2.469,12.2,2.1816,2.5514,137.487,-13.0,79.5,Yes
4.993,0.85,4.172,0.6445,0.7616,10.249,-46.4,52.1,No
4.992,1.902,9.461,2.3904,1.6061,89.463,-55.9,69.1,Yes
5.055,0.18,0.928,0.0318,0.0476,1.147,-87.4,35.6,No
4.955,1.396,6.959,2.3394,2.0019,79.693,-35.7,66.0,Yes
5.057,0.111,0.572,0.0604,0.0712,2.037,-99.7,38.0,No
5.013,0.682,3.518,0.6761,0.4403,37.851,-62.4,72.0,Yes
5.015,0.33,1.635,0.2297,0.0471,6.988,-64.2,45.5,No
5.039,0.425,2.139,0.2198,0.1435,2.593,-88.7,40.0,No
4.994,0.775,3.873,0.4885,0.6684,30.368,-49.9,67.2,No
4.972,1.51,7.489,2.2973,2.2803,46.348,-43.6,63.7,Yes
4.986,1.918,9.558,1.79,2.0185,94.275,-34.3,69.9,Yes
5.043,0.104,0.496,0.1028,0.0498,1.934,-92.1,30.0,No
5.028,0.168,0.869,0.0722,0.0784,4.937,-88.4,36.0,No
4.957,1.896,9.492,3.3374,2.7848,100.378,-18.4,86.0,Yes
4.998,0.665,3.312,0.4471,0.3527,13.471,-33.7,58.7,Yes
5.012,0.362,1.827,0.1868,0.0736,2.501,-78.5,44.8,No
4.917,2.824,13.924,3.3387,4.1178,99.756,-21.9,75.9,Yes
5.042,0.177,0.87,0.1249,0.1758,6.892,-67.0,37.8,No
4.926,2.081,10.271,1.7605,2.009,40.088,-43.8,71.2,Yes
4.992,0.41,2.073,0.1998,0.1727,5.926,-67.6,45.4,No
5.039,0.08,0.419,0.0165,0.0545,2.948,-84.7,43.9,No
5.047,0.162,0.808,0.0,0.0036,0.853,-86.3,40.2,No
4.871,1.94,9.552,2.659,2.9887,128.229,-14.1,92.2,Yes
4.927,1.717,8.48,3.0829,2.308,143.732,-15.1,82.1,Yes
5.02,0.669,3.341,0.6475,0.803,18.131,-64.5,67.8,Yes
5.032,0.723,3.549,0.5452,0.6829,31.675,-39.6,66.5,No
5.017,0.393,2.001,0.1898,0.0474,7.319,-69.3,43.9,No
4.916,2.89,14.363,3.9003,4.4394,125.612,-14.9,93.6,Yes
5.003,0.433,2.156,0.1709,0.2087,1.671,-71.9,41.4,No
4.898,2.045,9.998,2.4621,2.8334,137.715,-23.6,81.1,Yes
4.916,3.083,15.182,2.7093,4.5322,106.323,-16.3,93.9,Yes
5.048,0.127,0.636,0.0108,0.0097,0.583,-87.8,32.7,No
4.904,2.193,10.837,3.1901,4.4629,108.856,-37.2,85.4,Yes
4.95,2.009,10.017,2.5485,3.0544,117.875,-17.4,70.7,Yes
5.006,0.517,2.579,0.3124,0.1654,5.87,-55.7,49.8,No
5.06,0.07,0.348,0.1174,0.0419,2.75,-90.7,35.2,No
5.01,0.216,1.082,0.0753,0.1646,5.774,-81.3,36.6,No
4.94,1.732,8.555,1.5877,2.0005,92.602,-30.1,74.6,Yes
5.041,0.17,0.85,0.0584,0.0506,0.868,-80.1,38.0,No
5.032,0.304,1.553,0.1066,0.1455,1.253,-65.9,44.5,No
4.901,2.727,13.402,2.6654,4.4368,75.005,-18.4,86.6,Yes
4.906,2.328,11.522,2.3898,3.703,86.827,-21.3,83.1,Yes
4.838,2.701,12.943,2.4925,4.5961,135.591,-24.5,92.7,Yes
5.043,0.105,0.531,0.0535,0.0662,1.304,-101.9,33.0,No
5.03,0.249,1.235,0.2671,0.1079,4.716,-78.9,46.1,No
5.035,0.906,4.513,0.3568,0.535,18.359,-54.9,62.8,Yes
4.994,0.555,2.771,0.756,0.3703,9.973,-48.9,64.0,Yes
5.074,0.013,0.057,0.1167,0.0765,1.973,-93.9,31.2,No
4.937,1.535,7.723,3.0921,2.243,108.75,-17.1,92.0,Yes
5.04,0.999,5.106,0.4326,0.5093,38.18,-48.9,60.7,Yes
5.037,0.475,2.399,0.2932,0.2857,6.982,-54.7,50.5,No
4.997,0.801,4.013,0.6833,0.3977,37.584,-33.9,60.1,Yes
5.021,0.172,0.871,0.0322,0.0532,1.484,-81.2,36.9,No
4.992,1.631,8.297,2.0397,1.1374,85.142,-50.7,77.2,Yes
5.026,0.278,1.371,0.2618,0.0797,4.362,-75.4,46.2,No
5.049,0.099,0.497,0.0057,0.029,2.979,-82.6,32.9,No
4.99,0.448,2.263,0.3014,0.2434,6.415,-51.4,47.4,No
4.932,2.178,10.622,2.7168,3.4992,101.724,-9.5,73.9,Yes
4.996,1.126,5.658,0.8591,0.7276,41.507,-42.4,66.4,No
4.925,1.783,8.717,1.998,2.2925,110.933,-21.6,82.5,Yes
5.027,0.815,4.113,0.7514,0.5083,21.237,-35.2,62.8,Yes
5.009,1.035,5.103,0.87,0.7032,17.048,-39.3,55.9,Yes
4.857,2.075,10.098,2.9775,4.0961,103.662,-8.9,86.9,Yes
4.972,1.553,7.65,1.7765,2.1731,71.764,-31.3,76.1,Yes
5.032,0.406,2.062,0.2705,0.1841,6.75,-65.9,45.6,No
5.048,0.115,0.605,0.0692,0.049,0.782,-99.3,34.9,No
5.059,0.123,0.622,0.0738,0.0558,1.175,-80.4,35.4,No
5.021,0.489,2.429,0.3388,0.2537,7.215,-46.5,55.0,No
5.019,0.468,2.353,0.2268,0.1856,7.249,-55.2,44.5,No
4.913,2.129,10.494,3.2368,2.5679,141.365,-18.8,77.3,Yes
5.005,0.396,1.962,0.2964,0.1739,7.342,-59.8,48.0,No
4.893,1.563,7.729,2.291,2.8057,134.532,-21.4,72.2,Yes
5.044,0.054,0.274,0.045,0.0817,2.791,-90.8,30.0,No
5.028,0.026,0.136,0.01,0.0238,2.312,-72.2,41.1,No
5.025,0.371,1.848,0.0815,0.1411,2.822,-71.1,43.4,No
4.912,2.118,10.255,2.3991,3.9291,95.889,-21.1,94.5,Yes
4.954,1.476,7.398,1.5363,1.5571,70.196,-31.9,78.3,Yes
5.024,0.516,2.625,0.3241,0.2899,5.92,-55.5,47.9,No
5.053,0.063,0.321,0.0493,0.0511,1.199,-81.6,33.4,No
4.919,2.61,12.762,2.9944,2.8779,134.327,-18.5,88.7,Yes
4.848,3.009,14.564,3.7492,3.043,134.425,-6.6,86.7,Yes
5.041,0.075,0.351,0.029,0.051,1.571,-86.8,34.9,No
4.963,1.434,7.094,1.6573,1.5989,88.797,-31.7,79.7,Yes
4.859,2.026,9.718,2.423,4.5452,118.233,-11.4,88.7,Yes
5.029,0.8,4.006,0.5949,0.5671,21.047,-34.9,54.0,Yes
5.023,0.533,2.703,0.2569,0.2059,6.744,-68.9,50.9,No
5.049,0.115,0.59,0.0346,0.0718,2.387,-107.8,35.9,No
4.843,2.622,12.685,3.5593,3.0005,104.385,-15.2,79.5,Yes
5.006,1.102,5.431,0.7975,0.7621,15.831,-51.8,56.8,No
4.978,1.505,7.468,1.2225,1.4204,88.51,-42.7,71.7,Yes
5.027,0.11,0.564,0.0172,0.0635,2.781,-96.8,40.1,No
5.046,0.027,0.141,0.13,0.0087,2.367,-98.7,42.3,No
5.051,0.064,0.316,0.0416,0.041,1.804,-91.3,35.2,No
4.955,1.717,8.479,2.024,1.3536,54.153,-46.5,71.0,Yes
4.979,1.464,7.296,1.3604,1.5369,75.167,-26.8,67.4,Yes
5.031,0.497,2.463,0.2238,0.1977,7.225,-68.3,52.6,No
4.922,1.763,8.609,2.4544,3.1077,99.886,-25.7,84.8,Yes
5.001,0.515,2.57,0.3064,0.2365,7.52,-61.6,46.0,No
4.862,2.999,14.776,2.8397,2.5623,122.819,-13.0,81.8,Yes
4.98,0.855,4.274,0.8853,0.8456,41.135,-35.6,52.0,No
4.884,2.048,10.078,2.604,3.6332,122.143,-13.2,81.1,Yes
5.013,0.581,2.875,0.59,0.4283,15.762,-46.3,59.6,No
5.023,0.202,1.036,0.0946,0.1444,5.187,-69.7,42.2,No
5.02,1.508,7.567,1.2104,2.1382,83.419,-28.0,68.8,Yes
5.037,0.032,0.174,0.0404,0.0167,1.99,-82.7,39.5,No
5.01,0.936,4.679,0.6162,0.6944,15.298,-47.5,69.6,No
4.925,1.509,7.488,1.9055,3.8423,95.382,-21.9,81.1,Yes
4.954,1.511,7.514,1.4111,1.9801,94.13,-39.6,62.0,Yes
4.918,1.894,9.492,2.2716,2.6209,141.014,-23.2,82.5,Yes
5.021,0.197,1.006,0.2631,0.2023,4.078,-74.0,41.8,No
4.88,2.526,12.361,3.6666,4.5296,126.866,-26.8,78.8,Yes
5.001,0.555,2.873,0.3633,0.3,28.522,-55.2,55.1,No
5.022,1.044,5.201,0.761,0.7714,10.232,-46.6,55.9,Yes
5.005,0.991,5.002,0.5418,0.8259,22.492,-48.1,68.5,Yes
5.041,0.484,2.467,0.2838,0.195,7.543,-74.1,51.6,No
4.969,1.641,8.191,1.243,1.1395,81.289,-34.5,69.2,Yes
5.08,0.045,0.231,0.0307,0.021,0.5,-93.4,34.3,No
5.048,0.278,1.371,0.0669,0.2095,7.554,-67.7,44.9,No
4.999,0.498,2.478,0.2784,0.2324,7.153,-72.6,55.0,No
5.009,0.459,2.296,0.3177,0.2534,6.779,-70.0,52.5,No
4.887,2.651,13.101,3.482,3.9336,84.783,-33.3,81.6,Yes
5.034,0.129,0.678,0.084,0.0562,3.228,-89.6,37.0,No
5.006,0.312,1.565,0.1852,0.0202,4.478,-66.8,39.7,No
5.011,0.824,4.178,0.5348,0.7518,8.0,-50.6,53.3,Yes
5.026,0.15,0.721,0.0563,0.0895,6.157,-71.8,51.8,No
4.914,1.952,9.459,2.518,3.274,140.48,-28.6,94.3,Yes
4.887,1.818,8.85,3.8898,4.0687,108.25,-30.4,84.6,Yes
4.99,0.519,2.584,0.2911,0.2672,6.924,-58.7,48.7,No
4.99,0.444,2.222,0.2919,0.2257,7.262,-70.6,44.0,No
5.064,0.061,0.328,0.0343,0.0,0.546,-74.2,36.0,No
5.007,1.831,9.257,1.917,1.4938,93.22,-38.2,71.6,Yes
5.06,0.179,0.915,0.0582,0.0398,2.753,-101.7,34.3,No
4.99,0.407,2.05,0.289,0.2495,6.55,-55.3,45.1,No
5.005,0.312,1.554,0.0585,0.1774,3.953,-71.7,46.7,No
4.989,1.015,5.109,0.5771,0.5594,16.563,-50.2,60.3,No
4.973,1.745,8.618,1.8133,1.1036,52.35,-32.9,71.7,Yes
4.883,2.23,10.862,3.3615,3.8371,105.207,-12.4,81.2,Yes
5.051,0.083,0.411,0.1109,0.008,1.552,-88.1,36.9,No
4.979,1.342,6.639,2.2297,1.5391,39.703,-39.1,76.0,Yes
4.945,2.474,12.314,2.9677,4.5247,95.107,-18.0,89.3,Yes
4.99,0.405,2.034,0.295,0.1975,5.548,-66.6,44.0,No
4.997,0.472,2.373,0.2066,0.256,7.139,-59.5,45.4,No
5.033,0.044,0.242,0.0639,0.0332,1.273,-106.4,39.8,No
5.035,0.08,0.411,0.0217,0.0442,1.011,-97.2,33.9,No
4.98,1.119,5.558,0.8246,0.7243,28.53,-47.2,64.0,No
5.037,0.31,1.521,0.2495,0.1435,3.339,-63.9,47.2,No
4.904,2.389,11.567,3.7071,2.9913,84.92,0.6,93.3,Yes
5.051,0.421,2.122,0.157,0.1419,5.271,-68.9,42.3,No
5.021,0.031,0.154,0.0625,0.0373,2.189,-78.4,34.5,No
5.012,0.904,4.503,0.4027,0.7832,26.952,-36.6,56.9,No
4.9,2.871,13.979,3.2201,4.0588,119.479,-35.3,83.0,Yes
4.99,0.582,2.924,0.7427,0.7151,37.11,-51.9,67.2,Yes
5.027,0.063,0.296,0.0892,0.0749,1.043,-98.0,41.8,No
5.044,0.268,1.36,0.0654,0.0708,1.008,-82.5,44.0,No
4.891,2.033,9.928,2.0878,2.8822,111.821,-8.6,76.4,Yes
5.033,1.167,5.857,0.6125,0.5638,35.859,-55.0,67.8,Yes
5.025,0.156,0.805,0.0905,0.0965,2.37,-81.2,40.0,No
4.966,1.514,7.56,2.2306,1.9342,74.129,-45.8,72.4,Yes
4.962,2.138,10.648,1.9284,3.6487,124.207,-7.9,78.8,Yes
4.891,2.327,11.406,2.3031,2.6291,128.282,-17.0,76.3,Yes
5.027,0.227,1.122,0.0799,0.0424,5.511,-81.9,47.6,No
5.042,0.076,0.387,0.0922,0.0653,2.694,-103.0,34.2,No
5.049,0.027,0.136,0.0656,0.0271,0.63,-92.3,40.4,No
5.057,0.043,0.209,0.0375,0.0488,1.873,-89.4,34.7,No
5.047,0.11,0.554,0.2431,0.048,2.16,-78.9,39.2,No
4.893,2.02,9.819,3.2376,3.944,100.39,-30.0,74.9,Yes
5.028,0.966,4.682,0.3705,0.7598,10.287,-45.1,60.1,Yes
4.989,1.865,9.297,1.6672,1.1215,61.236,-31.7,70.8,Yes
4.983,1.19,5.944,0.4703,0.7815,11.559,-44.1,58.4,No
5.019,0.779,4.016,0.8681,0.637,32.052,-46.1,64.6,Yes
4.945,2.253,11.232,2.5761,2.784,139.023,-32.2,74.6,Yes
5.025,0.517,2.639,0.3213,0.2719,7.395,-62.9,51.3,No
5.019,0.445,2.278,0.2217,0.1877,5.678,-56.4,50.9,No
4.963,1.551,7.604,1.6204,2.3789,83.304,-29.0,77.8,Yes
4.931,2.762,13.63,3.1961,3.5505,82.082,-13.7,81.3,Yes
5.04,0.275,1.376,0.2109,0.0426,5.984,-58.7,43.9,No
5.04,1.235,6.202,0.4013,0.8266,28.074,-46.5,65.3,Yes
4.93,2.706,13.123,2.7138,3.2825,116.318,-26.9,83.9,Yes
4.981,1.597,8.014,1.8631,1.3106,94.422,-27.9,70.2,Yes
5.042,0.348,1.717,0.1873,0.1203,6.271,-75.0,48.9,No
4.937,1.746,8.631,1.8778,3.3235,118.006,-11.9,75.1,Yes
4.998,0.59,2.854,0.4219,0.5456,14.653,-33.4,64.6,No
5.05,0.429,2.149,0.2528,0.2396,6.561,-52.4,47.7,No
4.901,2.553,12.515,2.4842,2.1672,107.553,-16.9,79.3,Yes
4.888,2.83,13.953,3.6672,3.9204,122.404,-22.2,95.0,Yes
4.866,1.87,9.086,2.9814,2.6535,127.5,-14.1,79.8,Yes
4.898,2.201,10.704,2.2614,2.8486,134.267,-20.3,83.8,Yes
4.988,1.44,7.208,2.1979,2.278,45.357,-27.6,67.7,Yes
4.954,1.841,9.124,2.2703,2.0059,58.035,-23.9,72.9,Yes
4.913,1.807,8.847,2.8865,3.8024,77.671,-22.6,79.1,Yes
4.935,1.511,7.526,2.2081,2.9536,104.162,-14.9,79.9,Yes
4.99,0.515,2.541,0.2569,0.1808,7.074,-60.9,52.2,No
5.036,0.192,0.968,0.1762,0.071,6.726,-77.9,42.8,No
5.024,0.764,3.746,0.8395,0.4958,13.252,-49.8,66.4,Yes
4.901,2.791,13.68,2.5907,3.4849,75.055,-24.5,92.5,Yes
5.06,0.052,0.272,0.0018,0.0192,2.267,-110.0,32.8,No
5.069,0.106,0.537,0.0482,0.0652,1.094,-101.6,38.6,No
5.039,0.201,0.992,0.1104,0.0441,2.699,-79.0,40.9,No
5.004,0.228,1.161,0.1356,0.1423,5.189,-57.8,44.1,No
5.047,0.152,0.77,0.103,0.0591,0.664,-87.6,38.8,No
5.071,0.173,0.873,0.0997,0.0639,3.184,-95.0,36.1,No
5.045,0.164,0.804,0.0547,0.025,2.273,-107.7,35.6,No
5.059,0.149,0.752,0.1001,0.0597,2.709,-84.8,30.0,No
4.939,1.719,8.488,2.0341,3.867,145.664,-26.3,75.7,Yes
5.04,0.448,2.291,0.2062,0.1899,7.065,-65.5,51.3,No
5.029,0.95,4.726,0.4351,0.5004,20.075,-30.0,60.2,No
5.05,0.071,0.372,0.0745,0.0544,2.515,-87.9,40.6,No
5.062,0.058,0.282,0.1058,0.0656,1.056,-93.1,34.2,No
4.982,1.922,9.588,1.8465,1.6517,84.329,-39.5,71.8,Yes
5.049,0.144,0.716,0.0471,0.0239,1.544,-79.9,38.7,No
4.936,1.759,8.556,2.1062,1.8621,82.436,-41.1,74.9,Yes
4.981,0.701,3.484,0.6175,0.7221,8.057,-52.5,66.0,Yes
5.037,0.449,2.271,0.2663,0.0336,5.176,-78.2,42.2,No
5.065,0.159,0.81,0.0846,0.077,0.647,-82.2,34.1,No
5.059,0.031,0.165,0.1172,0.0606,2.135,-88.3,32.7,No
4.914,2.358,11.66,2.5854,3.9183,128.003,-20.6,83.3,Yes
4.997,0.641,3.182,0.5147,0.549,14.519,-51.9,62.9,No
5.052,0.152,0.759,0.1115,0.0626,0.691,-94.6,34.9,No
5.057,0.308,1.585,0.1268,0.102,7.522,-54.1,41.7,No
5.01,0.924,4.653,0.4631,0.3971,36.003,-59.6,59.1,Yes
5.075,0.089,0.444,0.0925,0.0019,1.994,-81.7,38.2,No
5.034,1.258,6.322,0.8101,0.7097,14.437,-46.9,69.4,Yes
5.061,0.048,0.253,0.0546,0.0092,3.112,-93.9,34.3,No
5.02,1.227,6.169,0.55,0.7815,33.189,-49.1,57.7,Yes
4.994,0.962,4.832,0.6058,0.651,34.199,-56.4,59.4,Yes
4.901,2.081,10.228,2.3105,2.4386,100.223,-26.6,83.3,Yes
4.956,1.699,8.432,1.9226,1.6777,67.35,-32.0,68.1,Yes
4.998,0.635,3.179,0.8287,0.319,13.557,-44.1,61.5,Yes
5.015,0.604,3.17,0.7932,0.8421,13.679,-34.7,58.3,Yes
5.017,0.93,4.613,0.6623,0.522,14.069,-38.9,67.4,Yes
4.878,1.638,7.866,2.0781,2.2719,96.252,-16.5,79.6,Yes
5.048,0.116,0.597,0.0723,0.0185,1.413,-90.3,41.7,No
5.051,0.05,0.273,0.0217,0.0014,1.693,-77.2,31.4,No
5.038,0.146,0.72,0.0448,0.0382,2.01,-82.5,41.9,No
4.999,0.518,2.594,0.2915,0.1621,7.67,-74.3,49.2,No
5.012,0.345,1.699,0.0431,0.184,6.285,-68.4,32.7,No
5.061,0.185,0.946,0.0612,0.011,1.401,-97.8,33.0,No
4.902,3.09,15.094,3.1569,2.8776,81.225,-40.8,78.7,Yes
5.048,0.202,1.054,0.2299,0.17,4.161,-60.7,37.9,No
5.013,0.183,0.934,0.1242,0.1283,1.191,-65.1,39.3,No
5.04,0.805,4.111,0.3582,0.8435,36.03,-50.0,60.0,No
4.98,1.179,5.829,0.8338,0.8494,19.777,-51.1,68.4,Yes
5.054,0.115,0.558,0.0728,0.0384,1.883,-92.9,36.1,No
4.863,2.146,10.558,3.2876,3.1457,89.156,-21.8,81.3,Yes
5.018,0.223,1.122,0.1146,0.1309,3.494,-78.1,45.1,No
5.038,0.534,2.678,0.2601,0.2266,5.68,-70.8,53.4,No
4.957,2.013,9.965,2.3543,1.8588,45.843,-39.7,69.9,Yes
5.028,0.125,0.661,0.2789,0.1791,4.134,-68.5,39.0,No
4.838,2.065,10.149,3.2873,3.13,91.324,-5.3,80.3,Yes
5.038,1.189,6.013,0.7034,0.537,27.296,-49.9,66.0,No
4.985,2.053,10.3,1.901,1.2564,91.622,-32.0,80.6,Yes
4.98,0.565,2.883,0.7269,0.7439,12.883,-47.5,70.8,No
4.941,1.581,7.853,1.8884,1.3212,51.516,-32.4,71.1,Yes
5.038,0.107,0.553,0.0191,0.0234,2.531,-83.7,31.7,No
5.028,1.21,6.136,0.8788,0.6242,22.111,-30.0,61.1,Yes
5.047,0.024,0.124,0.0645,0.0651,1.735,-88.9,34.8,No
5.001,0.381,1.906,0.0717,0.1499,1.637,-52.8,45.5,No
4.89,2.924,14.191,3.1296,3.9184,139.033,-22.5,86.4,Yes
5.007,0.48,2.459,0.2769,0.197,7.655,-66.0,52.2,No
4.931,2.152,10.552,3.0103,4.3138,134.801,-25.5,91.3,Yes
4.881,2.292,11.316,3.8328,3.5734,79.861,-14.5,86.8,Yes
5.048,0.264,1.329,0.0822,0.0739,4.328,-58.1,44.4,No
5.026,0.126,0.636,0.0691,0.017,1.469,-86.0,44.1,No
5.062,0.145,0.74,0.0808,0.0402,0.641,-91.8,43.3,No
5.023,0.669,3.278,0.6996,0.3699,20.134,-43.6,62.9,No
4.99,0.418,2.104,0.2417,0.2333,7.65,-70.5,52.5,No
5.025,0.529,2.656,0.2808,0.1661,7.361,-66.2,49.4,No
4.945,2.018,10.046,2.2498,3.2371,138.962,-14.4,79.6,Yes
4.973,1.357,6.676,1.4234,1.4498,89.632,-33.8,72.2,Yes
5.028,0.093,0.468,0.0602,0.0248,1.77,-63.8,32.6,No
5.021,0.857,4.254,0.8851,0.7093,36.172,-42.7,61.6,No
4.988,0.746,3.691,0.7085,0.7982,28.599,-47.1,67.8,No
5.06,0.055,0.27,0.0112,0.0258,1.393,-80.7,34.8,No
5.005,0.222,1.111,0.0981,0.0553,0.9,-76.0,39.4,No
5.0,0.178,0.896,0.1516,0.1042,6.7,-66.8,37.9,No
5.071,0.095,0.477,0.0656,0.0613,1.196,-86.8,37.5,No
4.912,2.33,11.365,3.4137,4.4911,137.836,-21.6,78.9,Yes
4.888,1.995,9.789,3.0362,2.551,101.882,-14.8,73.4,Yes
5.035,0.01,0.05,0.0846,0.0245,2.842,-88.7,37.5,No
4.9,1.958,9.474,3.1954,3.9248,118.059,-30.2,82.0,Yes
5.009,0.332,1.662,0.0474,0.0861,7.349,-85.8,47.4,No
5.035,0.421,2.093,0.0772,0.1019,5.754,-57.8,40.6,No
4.891,2.646,13.125,3.4401,4.4667,77.347,-31.5,87.5,Yes
5.017,0.307,1.552,0.0799,0.0373,4.464,-95.2,40.5,No
4.921,1.587,7.838,3.211,2.0495,128.474,-7.9,79.9,Yes
5.065,0.044,0.217,0.119,0.0519,2.291,-75.3,32.4,No
4.991,1.129,5.674,0.7422,0.5571,32.673,-41.4,60.1,Yes
5.034,0.09,0.46,0.026,0.0281,2.833,-87.0,39.2,No
5.051,0.077,0.406,0.0326,0.0253,1.218,-75.1,36.1,No
5.019,0.183,0.911,0.046,0.0749,0.943,-87.8,32.4,No
4.883,1.737,8.418,2.0515,3.6763,125.769,-21.5,85.8,Yes
5.037,0.126,0.603,0.2719,0.1084,1.774,-77.7,37.0,No
4.852,2.349,11.506,3.1704,3.6776,117.91,-12.7,88.8,Yes
4.932,1.99,9.744,1.6696,1.9442,47.796,-40.1,72.2,Yes
5.03,0.33,1.646,0.1914,0.1514,5.05,-72.4,38.3,No
5.0,0.161,0.795,0.1191,0.1425,6.706,-74.3,44.6,No
4.975,1.637,8.189,2.045,1.5663,53.632,-35.3,68.3,Yes
4.878,2.968,14.437,2.8688,2.8883,130.691,-24.0,88.4,Yes
4.977,1.777,8.891,1.3477,2.1064,43.034,-30.6,75.2,Yes
4.997,0.96,4.827,0.7492,0.6409,33.757,-35.2,72.0,No
5.004,0.825,4.101,0.6738,0.6707,34.85,-41.9,65.5,Yes
5.022,0.615,3.087,0.3655,0.6318,25.448,-57.8,63.7,No
4.995,0.614,3.064,0.585,0.3083,22.758,-44.7,59.1,Yes
5.017,0.34,1.674,0.2038,0.1419,6.275,-60.3,39.1,No
5.054,0.165,0.843,0.0487,0.0264,2.405,-85.6,30.0,No
5.027,0.652,3.358,0.4071,0.5235,28.976,-51.4,67.4,No
5.053,0.513,2.635,0.312,0.1738,7.133,-49.6,50.9,No
4.863,2.916,14.086,3.2712,2.7979,93.948,-10.5,87.9,Yes
5.02,1.07,5.329,0.7628,0.5799,24.501,-62.3,70.8,Yes
4.893,1.68,8.239,2.745,2.3926,126.046,-29.1,79.6,Yes
4.98,1.199,5.909,0.774,0.6097,31.442,-50.5,72.0,No
5.034,0.37,1.843,0.0694,0.1219,3.706,-76.4,42.1,No
4.872,2.42,11.756,2.7465,3.888,131.292,-4.2,85.0,Yes
5.069,0.059,0.29,0.0935,0.0274,2.429,-88.2,38.7,No
5.059,0.141,0.713,0.0096,0.0248,3.414,-92.7,30.0,No
5.005,0.682,3.385,0.542,0.6714,14.405,-36.7,67.6,No
4.913,1.806,8.843,3.0246,4.514,123.464,-17.8,82.6,Yes
4.961,1.524,7.592,2.343,2.3878,57.862,-33.3,64.7,Yes
5.018,1.012,5.169,0.7043,0.7411,12.15,-47.0,61.3,Yes
5.012,0.953,4.841,0.7812,0.6149,39.83,-43.2,64.4,No
4.915,1.592,7.757,2.6159,2.2796,107.79,-28.2,86.8,Yes
4.875,2.54,12.507,3.771,3.2759,111.991,-8.8,84.0,Yes
4.973,1.402,6.996,2.2944,1.5183,51.745,-42.4,75.3,Yes
5.024,0.346,1.736,0.2157,0.0851,1.288,-75.4,39.7,No
5.039,0.294,1.45,0.0639,0.2034,1.612,-85.7,40.2,No
4.91,2.615,12.892,2.9885,3.6795,101.275,-36.9,86.6,Yes
5.06,0.075,0.358,0.0175,0.008,0.891,-90.4,33.0,No
4.939,2.076,10.339,2.6232,2.086,102.567,-28.3,76.4,Yes
5.039,0.22,1.131,0.1315,0.1605,6.377,-72.8,39.4,No
5.072,0.152,0.787,0.0543,0.0193,1.133,-81.8,36.6,No
4.99,0.902,4.48,0.7661,0.3543,23.082,-50.7,69.9,No
4.912,1.788,8.747,2.0404,2.0058,106.643,-12.9,79.3,Yes
5.054,0.089,0.454,0.0425,0.0599,2.245,-91.7,34.4,No
5.038,0.157,0.796,0.0,0.0043,2.045,-84.5,34.7,No
4.88,1.949,9.667,3.0355,3.1216,101.262,-28.6,86.6,Yes
4.994,1.163,5.815,0.4023,0.3686,28.687,-57.8,71.6,No
5.04,0.828,4.196,0.8572,0.7819,41.462,-39.3,66.4,Yes
4.889,2.317,11.452,3.2842,2.6078,132.557,-23.9,79.8,Yes
4.875,2.527,12.282,3.0998,3.2027,108.539,-10.8,83.7,Yes
4.866,2.916,14.281,3.7602,2.5293,129.352,-20.4,95.0,Yes
4.902,2.772,13.682,2.2899,4.4075,131.63,-20.0,91.9,Yes
4.819,2.593,12.637,2.9574,3.363,102.509,-30.1,93.1,Yes
4.925,2.322,11.359,2.9369,3.8474,136.69,-10.2,87.3,Yes
4.938,2.398,11.873,2.5469,2.7711,147.012,-22.5,88.5,Yes
4.953,1.661,8.245,2.0319,1.9899,65.416,-33.2,62.0,Yes
4.885,3.074,15.124,2.986,4.0541,136.664,-12.7,85.7,Yes
5.052,0.149,0.732,0.0237,0.0595,1.517,-88.9,34.4,No
5.04,0.278,1.389,0.2381,0.0611,6.957,-67.6,46.3,No
5.043,0.081,0.397,0.0112,0.053,0.5,-82.7,35.9,No
4.916,2.141,10.537,2.5709,2.9414,75.361,-17.4,83.6,Yes
4.93,1.562,7.668,2.862,3.0846,107.927,-30.3,77.0,Yes
4.971,1.305,6.612,2.199,1.5128,76.913,-37.7,75.7,Yes
5.022,0.658,3.22,0.3669,0.8419,15.262,-45.7,64.0,Yes
5.076,0.022,0.125,0.092,0.029,1.121,-95.0,40.4,No
4.928,2.359,11.476,2.8144,2.5558,109.822,-20.0,76.2,Yes
5.013,0.575,2.787,0.3875,0.5778,29.365,-51.1,59.2,No
4.898,1.796,8.844,2.5547,2.3341,120.361,-17.4,80.1,Yes
4.997,0.697,3.542,0.8146,0.477,8.968,-48.7,57.1,No
5.001,1.154,5.824,0.6957,0.8047,39.592,-45.2,62.6,Yes
4.985,0.984,4.947,0.7701,0.457,16.871,-46.2,62.1,No
5.031,0.473,2.326,0.3117,0.2098,6.334,-53.3,52.5,No
4.965,1.394,6.868,1.8451,1.2593,93.157,-34.9,80.9,Yes
4.983,1.561,7.813,1.9824,1.2335,67.963,-31.5,83.0,Yes
4.921,2.406,11.761,2.1406,2.6828,142.213,-26.9,74.3,Yes
4.979,2.238,11.022,1.9961,3.2775,112.952,-24.9,81.4,Yes
4.921,1.546,7.851,3.1571,2.0132,106.748,-20.0,72.9,Yes
5.039,0.156,0.781,0.036,0.0137,0.843,-89.6,38.8,No
5.042,0.371,1.882,0.089,0.0898,2.819,-72.5,32.8,No
4.885,2.31,11.423,3.5901,3.9797,78.285,-25.8,93.0,Yes
4.901,2.217,10.883,2.6595,2.1844,113.489,-9.6,78.7,Yes
4.93,1.982,9.705,2.716,3.3415,104.798,-18.2,84.5,Yes
5.042,0.063,0.316,0.0359,0.0475,3.172,-86.6,37.5,No
5.004,0.464,2.299,0.1929,0.2022,7.568,-62.4,52.1,No
4.964,2.298,11.37,2.128,2.4329,112.6,-13.7,73.2,Yes
5.035,0.322,1.581,0.1422,0.1022,1.982,-58.1,42.7,No
5.036,0.325,1.625,0.051,0.03,4.285,-65.2,47.4,No
4.986,0.811,3.934,0.6389,0.6401,30.21,-32.3,56.2,Yes
4.887,2.518,12.199,3.7534,4.4985,110.604,-18.2,88.4,Yes
4.985,1.438,7.16,2.4434,1.5352,92.964,-38.8,67.9,Yes
5.022,1.194,6.06,0.504,0.6468,35.445,-44.3,58.5,No
4.899,2.898,14.273,2.7441,3.5281,123.098,-21.3,82.6,Yes
4.899,2.182,10.522,3.8078,4.3476,83.785,-18.0,89.3,Yes
5.07,0.055,0.276,0.0862,0.0047,0.951,-86.6,41.0,No
4.994,1.912,9.523,1.958,2.381,53.224,-24.7,66.4,Yes
4.918,2.753,13.456,2.3839,3.8066,91.01,-28.5,82.2,Yes
4.9,2.688,13.239,3.4745,3.0509,134.574,-1.4,92.1,Yes
5.012,0.431,2.181,0.2986,0.274,7.265,-75.4,49.5,No
5.024,0.197,0.954,0.164,0.2055,1.46,-76.1,40.5,No
5.004,0.265,1.379,0.1167,0.2149,6.202,-71.8,38.1,No
4.885,2.857,13.952,3.6373,3.3384,129.305,-11.3,88.3,Yes
5.005,0.479,2.419,0.3217,0.2842,6.239,-59.8,51.1,No
4.954,2.426,12.028,2.9658,2.9608,139.931,-17.0,75.9,Yes
4.997,0.769,3.778,0.6375,0.8187,8.56,-43.1,62.8,Yes
4.993,1.162,5.839,0.5553,0.3197,28.607,-54.6,60.3,No
4.958,1.442,7.212,1.3569,1.3604,85.376,-31.4,68.6,Yes
4.989,2.03,10.273,2.2307,2.1594,93.323,-22.4,67.0,Yes
5.027,0.33,1.633,0.2109,0.1383,4.911,-65.4,48.0,No
4.873,3.022,14.623,2.412,3.8644,76.686,-21.1,86.3,Yes
4.925,1.958,9.533,2.4623,1.9272,60.176,-48.9,71.5,Yes
5.025,0.284,1.424,0.2142,0.2126,5.698,-73.3,38.8,No
4.996,0.454,2.305,0.3222,0.2037,7.667,-60.9,51.4,No
4.948,2.42,12.004,2.6287,3.0216,101.259,-18.7,72.0,Yes
5.025,0.264,1.337,0.0798,0.0461,6.83,-71.5,43.2,No
5.049,0.046,0.249,0.0019,0.0263,2.884,-98.2,35.1,No
4.94,1.909,9.44,2.0817,2.6586,137.379,-21.0,73.9,Yes
4.89,1.622,7.812,2.4193,3.3454,116.201,-22.3,77.0,Yes
4.872,3.042,14.865,3.0538,2.8239,134.312,-23.2,91.3,Yes
5.057,0.095,0.489,0.0753,0.0519,1.849,-88.7,36.4,No
5.04,0.423,2.155,0.142,0.0968,4.633,-68.8,47.9,No
4.912,2.104,10.3,3.2791,2.0795,139.295,-17.3,78.8,Yes
4.998,0.49,2.453,0.2861,0.2799,5.605,-60.3,53.9,No
5.056,0.173,0.894,0.0132,0.0236,1.118,-78.7,39.2,No
4.922,1.752,8.585,1.8761,3.067,129.615,-29.3,71.6,Yes
4.931,2.942,14.542,2.9923,2.6062,81.859,-19.4,85.3,Yes
5.021,1.117,5.619,0.7331,0.711,16.891,-51.8,67.3,No
5.043,0.039,0.2,0.0495,0.0768,0.753,-95.5,37.2,No
4.887,2.197,10.643,2.5399,3.7813,107.293,-20.3,79.9,Yes
5.027,0.128,0.634,0.2052,0.1202,6.458,-74.8,49.0,No
5.017,0.473,2.379,0.2612,0.2769,5.42,-71.1,46.9,No
4.88,2.158,10.578,2.614,2.8944,111.189,-5.9,84.2,Yes
5.051,0.101,0.488,0.2093,0.0688,5.053,-82.6,39.2,No
5.036,0.144,0.727,0.0577,0.0244,2.836,-89.3,34.8,No
4.897,2.05,10.144,3.8873,4.0946,94.963,-0.2,82.3,Yes
4.996,1.436,7.146,1.4168,1.4496,88.272,-52.7,76.3,Yes
5.007,0.396,2.004,0.2865,0.25,6.098,-60.7,47.9,No
5.076,0.022,0.111,0.018,0.0465,0.769,-84.8,36.2,No
4.923,2.855,13.902,2.382,2.7529,134.58,-23.8,78.7,Yes
4.892,2.235,11.023,2.7154,2.2231,126.517,-6.3,74.2,Yes
4.995,1.78,8.932,1.9634,1.5614,40.12,-32.3,67.5,Yes
4.86,1.818,8.844,2.5774,3.7906,97.713,-4.4,83.0,Yes
4.93,2.295,11.281,2.8292,3.4651,110.46,-24.5,79.4,Yes
4.906,2.911,14.141,2.4994,3.5708,103.562,-8.4,74.3,Yes
5.065,0.137,0.69,0.0389,0.0048,2.321,-93.3,39.0,No
5.01,0.29,1.446,0.1623,0.2098,4.346,-64.7,44.6,No
5.052,0.036,0.183,0.0723,0.0665,1.691,-74.8,30.6,No
5.064,0.095,0.482,0.0279,0.0498,3.239,-77.7,39.9,No
4.94,2.418,11.94,2.5072,3.3621,122.078,-11.6,87.4,Yes
4.985,1.147,5.743,0.867,0.5003,19.618,-60.9,68.4,Yes
5.053,0.123,0.631,0.0346,0.0686,2.545,-98.2,37.2,No
5.004,0.475,2.35,0.2964,0.2284,6.676,-70.5,49.9,No
5.002,0.47,2.383,0.2717,0.173,7.613,-61.4,51.8,No
4.951,2.529,12.628,2.3364,2.1274,95.826,-11.2,81.1,Yes
5.015,0.459,2.296,0.238,0.1857,7.274,-56.7,49.4,No
5.027,0.499,2.516,0.2978,0.2482,6.172,-62.9,48.3,No
5.016,0.081,0.418,0.0629,0.0332,1.947,-87.3,43.2,No
5.054,0.063,0.312,0.0573,0.0611,3.054,-95.5,31.4,No
5.039,0.173,0.87,0.018,0.0227,1.654,-82.4,40.7,No
4.947,2.032,10.02,2.002,1.853,92.466,-37.5,68.8,Yes
4.99,0.519,2.653,0.3234,0.2687,6.179,-76.7,53.4,No
5.04,0.165,0.841,0.1111,0.1974,3.127,-90.3,40.0,No
5.0,0.122,0.62,0.0775,0.1077,4.996,-75.9,42.4,No
5.065,0.271,1.332,0.2149,0.2213,2.911,-76.3,38.6,No
4.974,1.393,6.991,2.2403,1.3609,45.682,-44.3,65.6,Yes
4.824,2.918,14.132,3.6153,2.6905,109.37,-18.5,84.6,Yes
5.022,0.056,0.305,0.052,0.0364,1.46,-75.8,33.9,No
5.074,0.012,0.052,0.1257,0.0243,1.059,-82.0,35.5,No
4.998,0.486,2.405,0.2226,0.1945,7.808,-61.8,48.8,No
4.893,2.497,12.257,2.5391,3.4417,97.407,-21.2,76.8,Yes
5.067,0.117,0.6,0.0543,0.0536,2.474,-79.7,34.8,No
4.99,0.445,2.22,0.3328,0.2719,7.514,-67.3,52.3,No
4.99,0.518,2.563,0.2989,0.2744,7.487,-76.2,50.4,No
4.985,1.736,8.58,2.2757,1.1424,59.8,-34.8,68.4,Yes
4.929,1.91,9.451,2.2861,1.9402,82.614,-30.6,66.8,Yes
4.911,2.625,12.96,3.4058,4.4114,116.785,-28.6,89.8,Yes
5.036,0.213,1.069,0.1624,0.0682,6.959,-73.1,47.4,No
4.995,1.184,5.918,0.761,0.4271,8.025,-53.4,54.4,Yes
5.02,0.505,2.5,0.2393,0.2432,5.757,-72.5,47.0,No
5.029,0.343,1.721,0.0816,0.1371,3.112,-83.6,43.9,No
4.959,1.761,8.829,1.397,1.4743,93.712,-28.7,78.4,Yes
5.034,0.453,2.271,0.2605,0.1636,6.581,-53.3,44.8,No
4.972,1.773,8.779,1.4783,1.6505,76.897,-34.3,62.0,Yes
5.025,1.243,6.236,0.5989,0.47,20.019,-56.6,70.7,Yes
4.917,2.479,12.202,2.1247,3.3132,115.379,-25.6,77.3,Yes
4.934,1.781,8.697,2.4178,2.6837,119.326,-24.4,85.5,Yes
4.884,3.004,14.606,2.4807,2.8632,90.599,-36.7,82.2,Yes
5.043,0.215,1.08,0.1363,0.1025,2.865,-71.4,43.9,No
4.907,1.59,7.796,3.2364,3.0074,118.117,-17.5,81.0,Yes
5.0,0.141,0.708,0.221,0.0288,3.031,-56.0,38.8,No
4.955,1.526,7.534,1.2773,1.551,86.236,-33.3,77.1,Yes
5.03,0.422,2.113,0.0618,0.104,3.034,-77.3,43.2,No
5.028,0.239,1.206,0.1527,0.1596,4.488,-72.2,41.6,No
4.986,0.635,3.169,0.3865,0.6998,37.029,-62.2,61.0,No
4.852,2.47,12.075,1.8462,2.0495,139.492,-24.0,84.3,Yes
4.898,3.059,14.932,2.7342,4.2299,98.81,-30.6,86.0,Yes
5.057,0.109,0.559,0.0278,0.0114,2.714,-103.9,33.8,No
5.03,0.023,0.091,0.0726,0.0765,0.5,-90.1,38.3,No
4.9,2.062,10.106,1.2649,2.2812,76.481,-41.5,69.3,Yes
5.012,0.403,2.019,0.215,0.1955,6.375,-62.2,48.9,No
5.014,1.519,7.641,2.0488,1.7556,94.356,-54.1,75.7,Yes
5.053,0.442,2.249,0.2084,0.1463,4.217,-64.0,42.5,No
5.017,0.456,2.294,0.2159,0.1938,7.481,-81.2,49.3,No
5.023,0.805,4.038,0.7953,0.3196,29.74,-57.5,62.6,No
4.98,0.761,3.826,0.8904,0.4203,25.384,-52.4,59.6,Yes
5.029,0.272,1.341,0.2541,0.1112,2.608,-78.1,40.4,No
5.05,0.172,0.859,0.0108,0.0082,1.502,-92.1,31.2,No
4.974,1.873,9.201,2.4984,1.3451,70.302,-39.2,67.9,Yes
5.038,0.107,0.563,0.0484,0.139,3.836,-74.0,39.3,No
5.043,0.173,0.862,0.0333,0.0534,0.771,-92.4,32.4,No
5.057,0.023,0.123,0.0559,0.0361,1.523,-94.4,32.3,No
5.053,0.412,2.085,0.1276,0.0931,1.469,-86.0,42.0,No
5.036,0.316,1.575,0.1678,0.1063,4.463,-93.7,44.0,No
5.025,0.285,1.407,0.2727,0.1293,1.058,-81.1,44.3,No
5.074,0.175,0.882,0.106,0.1029,1.972,-84.3,44.9,No
5.067,0.142,0.73,0.0966,0.0152,1.298,-97.3,34.6,No
5.049,0.082,0.411,0.0107,0.0331,2.433,-79.8,40.8,No
5.06,0.031,0.158,0.0282,0.0572,1.479,-93.4,30.0,No
4.98,1.188,5.922,0.5666,0.4964,12.003,-35.4,58.3,No
5.043,0.174,0.863,0.0904,0.0723,1.635,-95.2,30.0,No
5.061,0.115,0.575,0.0647,0.0505,0.923,-92.7,41.4,No
4.917,2.937,14.461,3.151,3.6797,107.742,-42.0,84.6,Yes
5.054,0.276,1.424,0.2592,0.0964,6.678,-78.1,44.2,No
5.02,0.477,2.414,0.2388,0.2457,5.552,-58.5,44.6,No
4.898,1.656,8.305,1.972,2.8649,103.604,-24.3,70.9,Yes
5.035,0.189,0.935,0.2153,0.0478,3.94,-75.6,44.7,No
4.98,0.569,2.765,0.6011,0.3357,23.894,-42.3,57.1,Yes
4.883,1.938,9.314,2.707,3.4789,96.077,-31.5,89.2,Yes
5.027,1.063,5.462,0.4222,0.6837,27.687,-43.3,59.9,No
4.882,2.079,10.102,2.4464,3.4439,101.577,-14.1,91.7,Yes
5.023,0.284,1.451,0.2307,0.1131,4.963,-61.5,42.4,No
5.035,0.874,4.399,0.8869,0.4128,16.098,-39.2,67.4,No
5.032,0.749,3.715,0.5293,0.791,8.772,-40.6,69.8,No
5.029,0.204,1.025,0.0522,0.1039,3.846,-75.6,33.6,No
5.041,0.011,0.072,0.0744,0.0151,2.262,-79.9,33.7,No
4.967,1.536,7.562,1.3375,1.9649,56.755,-34.2,68.5,Yes
4.918,2.54,12.515,3.0142,2.6954,120.481,-26.0,82.5,Yes
4.881,2.382,11.513,2.4077,3.7133,119.823,-27.8,84.2,Yes
4.947,1.529,7.551,3.2806,2.6675,120.963,-25.0,90.1,Yes
5.041,0.082,0.398,0.0971,0.076,1.264,-93.2,37.8,No
4.886,3.047,15.034,3.8688,3.546,103.802,-16.2,81.8,Yes
5.077,0.134,0.682,0.0149,0.0558,2.724,-88.1,33.4,No
4.874,2.444,11.875,2.4656,2.9785,85.237,-12.3,85.2,Yes
4.898,2.256,11.154,2.8097,2.9012,126.205,-26.1,86.5,Yes
5.005,0.939,4.698,0.4768,0.3152,25.155,-42.1,63.6,Yes
5.038,0.372,1.869,0.1725,0.1117,6.477,-71.2,48.7,No
4.946,1.854,9.156,1.872,2.1767,141.642,-24.9,81.0,Yes
4.888,1.655,7.944,1.8074,3.8533,141.438,-27.8,76.3,Yes
5.031,0.479,2.427,0.1978,0.26,7.558,-66.7,50.1,No
5.032,0.468,2.342,0.2162,0.2396,5.567,-67.6,51.4,No
4.905,1.637,8.056,3.2148,3.2219,97.94,-13.1,83.3,Yes
4.988,1.071,5.382,0.6751,0.3882,38.786,-43.9,70.4,No
5.04,1.247,6.317,0.4876,0.4477,32.47,-37.7,55.9,Yes
5.053,0.144,0.748,0.0288,0.0313,0.684,-91.5,39.0,No
4.999,0.472,2.326,0.2695,0.1673,5.87,-72.6,48.2,No
5.04,0.672,3.343,0.774,0.8027,28.923,-41.7,72.0,Yes
4.999,1.164,5.797,0.8169,0.3758,37.899,-46.4,59.1,No
5.032,0.415,2.108,0.1874,0.034,5.895,-65.3,50.1,No
5.0,0.434,2.212,0.0862,0.2117,6.35,-82.9,41.8,No
4.84,2.055,10.004,3.1201,3.8577,113.521,-16.3,83.1,Yes
5.041,0.097,0.508,0.0689,0.067,2.305,-83.9,36.9,No
4.944,2.583,12.637,2.3861,3.5027,112.135,-9.6,83.3,Yes
5.015,0.466,2.368,0.2971,0.2118,5.662,-62.2,50.0,No
4.912,2.473,12.149,3.5855,2.6926,111.149,-21.0,84.7,Yes
4.975,1.633,8.007,1.7925,1.9987,87.145,-34.3,69.0,Yes
4.967,2.173,10.653,2.6567,3.0679,116.065,-23.8,78.3,Yes
4.842,2.877,14.008,3.089,3.3186,79.852,-12.7,83.6,Yes
5.011,0.436,2.214,0.2151,0.1875,6.343,-60.6,45.6,No
5.03,0.11,0.572,0.0597,0.0027,2.875,-97.5,37.3,No
4.997,1.105,5.553,0.645,0.6065,22.202,-65.0,59.8,Yes
5.04,0.339,1.671,0.2152,0.1423,2.821,-73.5,42.7,No
5.061,0.031,0.168,0.0086,0.0045,2.15,-84.9,33.6,No
4.989,1.211,6.178,0.5517,0.6507,39.483,-40.6,60.0,Yes
5.001,0.439,2.2,0.1164,0.0826,4.326,-57.5,50.6,No
5.007,0.469,2.38,0.2511,0.1771,5.954,-59.4,53.5,No
5.01,0.448,2.243,0.2339,0.2367,6.119,-52.9,54.7,No
5.062,0.065,0.338,0.0473,0.0534,0.5,-97.7,37.7,No
5.023,0.406,2.029,0.0638,0.1252,5.351,-73.1,41.4,No
5.052,0.129,0.631,0.0054,0.0223,2.46,-88.7,41.5,No
5.017,0.387,1.932,0.0733,0.0255,2.415,-64.6,50.1,No
5.01,0.805,4.131,0.8574,0.474,37.421,-56.4,64.4,No
4.988,1.972,9.879,1.8875,1.8919,40.465,-32.5,75.9,Yes
5.042,0.068,0.354,0.0944,0.0833,2.447,-82.1,44.3,No
4.98,1.789,8.862,2.1441,1.619,57.284,-29.6,70.2,Yes
5.042,0.138,0.697,0.0757,0.0724,0.807,-76.9,39.8,No
5.0,0.464,2.292,0.3206,0.2536,5.989,-49.7,49.2,No
4.891,2.053,9.948,3.3945,3.7711,115.27,-11.3,93.3,Yes
5.028,0.449,2.23,0.1686,0.1286,4.217,-82.3,43.1,No
5.032,0.081,0.421,0.0893,0.064,1.61,-83.5,43.0,No
5.035,0.45,2.254,0.226,0.2619,7.9,-58.7,47.0,No
5.041,0.351,1.795,0.1103,0.1173,7.518,-54.8,45.6,No
5.0,0.421,2.098,0.0798,0.174,1.57,-83.0,47.9,No
4.87,2.106,10.222,3.3523,3.8129,109.021,-4.0,90.7,Yes
4.931,1.555,7.731,2.1311,3.6528,107.644,-10.6,81.5,Yes
5.054,0.169,0.849,0.1195,0.0573,1.033,-94.7,36.8,No
5.034,0.405,2.084,0.0698,0.1688,4.724,-58.1,41.3,No
5.046,0.419,2.115,0.3038,0.2071,5.94,-52.7,48.6,No
5.024,0.634,3.222,0.6483,0.5101,40.793,-59.8,67.1,Yes
4.901,2.383,11.684,2.5672,2.6379,80.969,-16.6,83.0,Yes
5.032,0.166,0.825,0.0338,0.0142,1.711,-79.2,36.5,No
5.065,0.081,0.403,0.024,0.0804,2.001,-88.2,43.7,No
4.996,0.442,2.186,0.2311,0.165,7.648,-54.7,54.5,No
4.917,2.049,10.017,2.5395,4.3764,110.629,-24.6,94.4,Yes
5.032,0.13,0.673,0.1213,0.0367,3.809,-80.0,45.3,No
4.974,1.42,7.063,1.6865,1.6299,71.58,-45.2,80.7,Yes
5.062,0.143,0.727,0.1149,0.0482,1.561,-91.6,37.1,No
4.872,2.47,12.073,2.2458,2.972,117.319,-13.9,88.6,Yes
5.063,0.015,0.093,0.0226,0.0118,0.59,-84.6,41.7,No
4.899,2.141,10.513,2.1763,3.7556,96.573,-17.7,78.6,Yes
4.951,1.568,7.733,1.3968,2.3301,43.109,-28.6,69.8,Yes
5.032,0.116,0.585,0.2607,0.1863,3.627,-81.0,45.9,No
5.025,0.328,1.653,0.0783,0.1068,4.242,-61.7,36.1,No
5.01,0.331,1.624,0.1432,0.1252,5.073,-67.3,42.8,No
5.036,0.283,1.438,0.1104,0.0865,6.314,-83.7,44.3,No
5.017,2.077,10.422,1.5951,1.3423,80.639,-41.1,71.7,Yes
4.919,2.217,10.888,3.7837,2.666,140.323,-19.6,81.6,Yes
5.065,0.093,0.487,0.0892,0.0593,2.362,-89.2,36.5,No
5.004,0.263,1.301,0.2744,0.1175,5.932,-60.0,38.8,No
5.022,0.424,2.102,0.0585,0.0836,4.027,-70.2,41.2,No
5.025,0.221,1.099,0.2178,0.2085,6.898,-64.1,37.8,No
4.896,1.521,7.425,2.6147,2.6229,146.228,-11.2,84.3,Yes
4.986,1.521,7.557,1.9272,1.7721,72.892,-54.8,66.4,Yes
5.064,0.119,0.601,0.098,0.0155,1.918,-90.3,36.8,No
5.003,1.902,9.503,1.6729,1.4119,70.867,-26.9,71.5,Yes
4.9,2.698,13.144,3.4314,4.5383,134.047,-8.7,76.2,Yes
5.04,1.197,6.086,0.8642,0.3109,21.426,-59.7,70.7,No
5.008,0.651,3.259,0.5286,0.4792,17.767,-43.1,55.5,Yes
5.031,0.502,2.509,0.2963,0.1695,6.726,-65.5,52.1,No
5.042,0.082,0.423,0.0904,0.0016,2.067,-71.4,31.7,No
5.017,0.749,3.79,0.6297,0.6891,28.377,-41.3,58.0,Yes
5.013,0.757,3.91,0.7687,0.777,33.576,-36.3,62.0,Yes
4.932,1.793,8.871,2.4247,2.3007,118.674,-13.0,74.5,Yes
4.912,1.786,8.91,2.7053,2.4352,127.398,-32.6,92.0,Yes
5.032,0.305,1.533,0.1836,0.1191,6.992,-74.6,47.5,No
4.991,0.912,4.454,0.5432,0.85,32.034,-51.5,68.8,Yes
5.012,0.24,1.219,0.2286,0.043,6.627,-65.9,50.0,No
4.982,1.572,7.812,1.8421,1.62,46.609,-41.1,68.5,Yes
5.036,1.042,5.317,0.4273,0.6891,16.793,-52.3,59.9,No
5.031,0.175,0.887,0.0321,0.0405,2.815,-73.6,40.7,No
4.963,1.414,7.009,2.2174,1.6443,81.092,-47.9,63.7,Yes
5.003,0.979,4.959,0.8611,0.6287,39.159,-62.2,56.5,Yes
4.862,2.692,13.03,3.1319,3.0808,79.438,-26.8,78.4,Yes
4.858,2.471,11.952,3.7506,3.3027,130.531,-19.6,79.2,Yes
5.043,0.138,0.684,0.0718,0.0726,1.564,-101.8,36.4,No
4.91,2.285,11.18,2.8535,3.7687,102.957,-11.1,85.3,Yes
4.94,1.708,8.395,2.615,3.89,145.272,-11.4,83.4,Yes
4.944,1.649,8.032,1.2854,1.5764,87.18,-36.6,68.1,Yes
4.906,2.406,11.768,2.3998,3.8287,142.567,-28.5,86.2,Yes
5.032,0.081,0.416,0.0841,0.033,0.819,-81.2,39.6,No
4.942,2.376,11.901,2.4519,2.4745,139.648,-22.8,79.8,Yes
4.893,2.453,12.194,2.7002,4.1208,85.413,-22.8,93.4,Yes
5.044,0.232,1.182,0.1978,0.0196,2.935,-69.5,44.9,No
4.905,2.585,12.8,2.5261,4.4442,100.096,-27.8,84.0,Yes
4.952,1.347,6.691,2.0774,2.052,88.68,-43.6,74.1,Yes
5.047,0.053,0.256,0.0967,0.067,1.548,-85.0,30.9,No
5.015,0.604,3.123,0.6166,0.3304,20.1,-48.3,66.1,No
5.007,0.996,4.977,0.4039,0.5916,29.583,-49.4,56.6,Yes
4.929,2.138,10.52,2.4667,3.1412,145.351,-21.4,82.8,Yes
5.015,0.521,2.621,0.2079,0.2168,7.683,-56.3,51.5,No
5.02,0.334,1.682,0.2169,0.1526,6.116,-84.4,37.7,No
5.006,0.745,3.713,0.4333,0.5312,12.466,-52.2,62.1,No
5.002,0.21,1.036,0.2844,0.0707,6.304,-75.4,34.0,No
4.911,2.99,14.576,3.7828,2.6982,140.865,-28.5,87.9,Yes
5.022,0.156,0.803,0.067,0.0854,2.387,-56.5,42.3,No
5.053,0.141,0.704,0.1091,0.0763,2.251,-90.3,34.7,No
5.044,0.157,0.799,0.092,0.08,1.556,-90.5,34.9,No
4.918,2.412,12.062,2.7031,4.0258,121.209,-26.7,85.9,Yes
4.883,2.26,11.085,3.1021,2.6054,139.332,-29.9,84.7,Yes
5.019,0.15,0.738,0.2585,0.0482,1.465,-71.4,33.3,No
5.055,0.418,2.069,0.093,0.1955,6.508,-65.0,46.5,No
5.002,0.342,1.679,0.107,0.1215,1.68,-83.6,47.5,No
4.933,1.333,6.561,2.4653,1.6824,41.768,-40.7,73.0,Yes
4.995,0.754,3.778,0.4367,0.3273,28.343,-56.8,60.6,Yes
4.982,1.144,5.71,0.8138,0.6172,33.936,-51.4,58.0,No
5.005,1.393,6.891,2.4391,1.504,84.154,-21.4,64.6,Yes
4.935,1.504,7.498,2.3873,2.9595,105.626,-18.9,81.5,Yes
4.951,2.052,10.121,2.4759,3.0447,140.533,-20.0,84.6,Yes
5.023,0.408,2.035,0.1073,0.0511,5.596,-57.8,38.0,No
4.854,2.762,13.47,2.9509,3.8909,99.269,-25.3,94.8,Yes
4.998,0.411,2.088,0.3231,0.1819,7.138,-68.7,52.4,No
5.031,0.257,1.334,0.1746,0.0605,6.762,-59.4,44.8,No
4.886,1.894,9.211,3.7975,2.8331,115.783,-8.0,91.4,Yes
5.051,0.536,2.711,0.3241,0.1761,5.889,-58.1,44.9,No
4.967,1.997,9.932,2.0731,1.8227,68.873,-27.2,71.4,Yes
5.04,0.687,3.554,0.4485,0.5871,21.618,-50.7,60.8,Yes
5.06,0.4,2.061,0.0598,0.0267,1.05,-88.4,43.3,No
4.937,2.014,9.949,3.2783,2.2186,119.507,-11.7,75.4,Yes
5.011,0.122,0.57,0.1875,0.0947,4.022,-74.2,42.9,No
4.897,1.996,9.718,3.7596,2.5274,109.211,-27.1,87.2,Yes
5.001,0.4,1.982,0.2636,0.1704,6.6,-59.8,46.6,No
4.902,2.976,14.569,2.8275,3.1531,85.16,-10.5,88.9,Yes
4.897,2.554,12.525,2.2423,3.3861,105.675,-9.5,77.2,Yes
4.934,1.335,6.549,1.776,2.0868,84.027,-37.3,62.0,Yes
4.946,1.602,7.931,2.3075,2.101,49.502,-33.9,64.4,Yes
5.073,0.032,0.166,0.0517,0.0289,2.71,-87.7,44.3,No
4.899,1.646,8.044,2.8086,2.1923,122.253,-24.2,80.6,Yes
4.974,1.585,7.779,2.6771,3.0038,141.101,-10.1,76.3,Yes
5.043,0.41,2.033,0.0585,0.1674,4.742,-60.1,42.1,No
4.961,1.518,7.506,2.0292,1.9718,60.13,-27.6,67.1,Yes
5.013,0.391,1.947,0.2776,0.1895,7.617,-56.9,50.1,No
5.018,0.342,1.717,0.1026,0.1211,3.421,-64.0,38.8,No
5.06,0.022,0.107,0.1213,0.029,1.348,-90.2,45.0,No
5.018,0.264,1.327,0.2045,0.1048,4.52,-61.1,39.3,No
5.004,1.201,5.944,0.8505,0.3654,41.053,-55.2,59.7,No
5.052,0.209,1.066,0.1453,0.0861,2.794,-83.0,43.1,No
5.075,0.262,1.319,0.2095,0.0795,5.179,-70.3,52.0,No
4.992,1.013,5.043,0.6386,0.4787,10.99,-50.6,57.0,Yes
4.912,1.7,8.359,1.8746,3.7533,109.997,-12.0,76.3,Yes
4.975,1.809,8.968,1.2917,2.133,59.02,-40.7,73.4,Yes
5.01,0.239,1.192,0.075,0.2111,4.901,-55.9,50.8,No
4.99,0.434,2.16,0.2966,0.2018,6.228,-65.9,48.8,No
4.952,1.844,9.072,1.227,2.2388,81.513,-42.6,72.7,Yes
5.02,0.577,2.903,0.7183,0.8484,15.011,-44.9,65.8,No
5.057,0.106,0.544,0.063,0.0697,0.5,-81.8,44.9,No
5.073,0.037,0.193,0.0525,0.0,1.52,-84.7,35.7,No
4.977,1.352,6.738,2.2189,1.2335,50.575,-11.9,67.1,Yes
5.063,0.038,0.179,0.0078,0.018,2.926,-98.2,41.7,No
4.938,1.804,8.898,1.4453,2.0722,65.552,-13.4,74.3,Yes
5.029,0.042,0.203,0.0883,0.0418,0.5,-82.0,44.2,No
4.921,1.797,8.793,3.0571,2.6516,118.588,-11.3,72.6,Yes
5.066,0.131,0.658,0.0258,0.0048,0.543,-86.9,31.3,No
5.061,0.356,1.771,0.1996,0.0279,7.32,-85.4,38.4,No
4.994,0.607,2.984,0.5576,0.4553,23.842,-55.1,57.6,Yes
5.059,0.132,0.676,0.0584,0.0119,0.987,-86.8,37.9,No
4.979,1.531,7.552,1.3057,2.22,83.064,-47.6,68.6,Yes
4.849,2.096,10.253,2.4334,3.3118,94.553,-21.1,82.8,Yes
5.029,0.386,1.947,0.1556,0.0864,5.786,-74.2,49.1,No
4.993,0.956,4.785,0.6416,0.6766,14.122,-38.3,58.6,Yes
5.021,0.177,0.906,0.1122,0.0498,2.049,-77.7,32.2,No
5.042,0.072,0.357,0.1037,0.0115,1.103,-73.7,34.8,No
4.882,3.014,14.848,2.6944,3.1982,93.439,-18.7,87.3,Yes
4.951,1.865,9.302,1.4739,1.6636,38.958,-24.7,75.5,Yes
4.877,2.997,14.666,2.8715,3.448,135.111,-23.2,90.1,Yes
4.979,1.527,7.645,1.9102,2.3517,73.618,-29.6,65.3,Yes
4.89,2.345,11.459,3.3935,3.4652,123.437,-20.8,81.8,Yes
4.879,2.068,10.123,3.0252,3.826,88.705,-18.4,79.3,Yes
5.066,0.146,0.759,0.0198,0.0216,1.266,-93.8,33.9,No
4.938,2.871,14.211,3.1757,2.6322,86.583,-17.1,93.8,Yes
5.024,0.471,2.396,0.3276,0.2019,7.559,-52.4,55.0,No
5.031,0.223,1.142,0.152,0.0444,6.176,-55.4,46.9,No
5.026,0.315,1.559,0.1737,0.1262,1.139,-77.8,41.8,No
5.055,0.161,0.811,0.1124,0.0649,2.636,-80.9,33.9,No
5.042,0.257,1.274,0.2187,0.1192,4.285,-60.7,39.9,No
4.963,1.376,6.835,2.2818,1.8778,91.296,-43.7,71.0,Yes
5.027,0.129,0.676,0.0726,0.0384,2.39,-87.0,36.0,No
4.924,2.356,11.62,2.9562,4.0706,132.307,-26.0,86.1,Yes
4.915,2.314,11.372,2.7484,2.3683,145.35,-19.4,78.0,Yes
4.917,2.606,12.719,2.5169,4.4546,121.529,-27.6,85.0,Yes
4.922,2.553,12.534,2.7393,2.063,95.98,-13.6,78.9,Yes
5.012,1.019,5.067,0.428,0.5071,12.223,-32.6,61.8,No
5.026,0.429,2.157,0.2051,0.1933,6.25,-63.6,47.5,No
4.852,2.773,13.419,3.8865,4.5359,120.358,-34.9,79.5,Yes
4.98,0.588,2.915,0.5791,0.5346,10.607,-37.4,69.5,Yes
4.857,1.912,9.361,2.7338,3.7941,84.894,-7.4,84.9,Yes
5.044,0.139,0.712,0.095,0.1301,5.204,-69.8,44.3,No
4.92,2.505,12.331,3.2513,4.4079,120.621,-14.5,88.7,Yes
5.031,0.999,5.026,0.5105,0.6211,33.186,-42.5,65.6,Yes
5.021,0.394,2.003,0.3108,0.2306,6.088,-56.5,44.8,No
5.016,1.074,5.411,0.4104,0.3029,15.441,-56.7,52.0,Yes
4.992,1.552,7.68,1.6077,1.9982,48.977,-42.4,81.5,Yes
5.017,0.357,1.809,0.0617,0.0818,5.44,-67.3,46.9,No
4.836,2.889,13.917,3.4389,4.4563,88.537,-26.1,84.7,Yes
5.042,0.079,0.421,0.0843,0.0666,1.65,-85.7,34.6,No
4.99,0.474,2.373,0.3001,0.1774,7.509,-59.1,49.3,No
5.018,1.269,6.288,0.5294,0.3,30.795,-46.7,64.5,Yes
4.947,1.574,7.838,2.0428,1.9015,92.189,-19.6,66.5,Yes
4.894,2.776,13.433,3.549,3.1017,141.284,-28.1,85.7,Yes
5.017,1.193,5.979,0.7032,0.7326,10.952,-49.0,67.0,Yes
5.034,0.171,0.857,0.0625,0.0107,0.884,-72.0,38.6,No
5.044,0.025,0.104,0.0036,0.0229,3.031,-83.3,39.2,No
4.889,2.475,12.208,2.5513,2.5366,119.549,-31.1,91.6,Yes
5.049,0.372,1.869,0.041,0.1767,6.143,-68.7,38.7,No
4.99,0.414,2.068,0.251,0.2342,6.074,-67.4,50.7,No
4.891,2.438,12.039,3.4354,4.5394,121.187,-25.9,80.9,Yes
4.919,1.615,7.943,2.9148,2.583,114.94,-18.6,75.7,Yes
4.954,1.723,8.537,1.8671,1.7584,47.173,-42.3,79.3,Yes
5.002,0.439,2.19,0.3303,0.2431,7.537,-57.6,50.1,No
4.877,3.064,14.963,2.3805,3.6409,136.909,-12.3,85.6,Yes
5.026,0.438,2.184,0.273,0.2545,5.975,-57.9,45.4,No
4.98,0.996,4.908,0.6313,0.49,9.973,-48.7,58.6,Yes
4.939,1.926,9.461,2.6115,2.2041,111.263,-17.6,89.4,Yes
5.068,0.068,0.33,0.0373,0.0727,1.776,-89.1,36.0,No
4.886,1.976,9.699,2.8866,3.0959,95.494,-24.3,83.5,Yes
5.045,0.016,0.086,0.0934,0.0712,2.567,-90.5,34.5,No
4.931,2.357,11.67,1.8939,2.6167,122.576,-13.5,78.8,Yes
5.034,0.585,3.092,0.3769,0.8332,25.381,-45.0,54.0,Yes
5.037,0.834,4.254,0.5519,0.5396,33.44,-54.2,54.8,No
5.031,0.391,1.961,0.2543,0.199,1.536,-74.1,37.7,No
4.994,0.63,3.199,0.5637,0.4756,32.062,-65.0,65.8,Yes
4.841,1.911,9.344,3.6544,4.0796,129.25,-10.2,77.5,Yes
4.924,2.491,12.307,2.1731,2.0922,123.996,-15.2,92.0,Yes
4.997,1.985,9.856,1.7243,1.6298,56.484,-30.3,75.8,Yes
4.997,0.415,2.121,0.2026,0.2855,7.823,-56.5,52.6,No
5.07,0.037,0.189,0.0223,0.0115,1.203,-84.1,34.4,No
5.031,0.976,4.874,0.4736,0.7885,10.286,-33.2,57.7,No
4.987,1.462,7.306,1.8633,1.2774,94.275,-37.5,74.7,Yes
4.91,2.039,10.171,2.8277,3.6182,122.11,-12.7,76.2,Yes
4.924,2.419,12.016,2.8378,3.6727,91.417,-20.2,83.5,Yes
4.869,2.703,13.258,3.0938,3.5339,108.973,-5.3,89.8,Yes
5.056,0.098,0.489,0.0777,0.0077,1.247,-92.6,31.7,No
4.955,2.497,12.349,2.2188,2.9392,100.257,-6.1,83.0,Yes
4.901,2.438,11.801,2.7216,3.7615,91.578,-26.3,91.6,Yes
5.032,0.296,1.526,0.2207,0.1947,4.778,-58.7,43.3,No
5.0,0.295,1.494,0.2212,0.0559,4.562,-74.9,40.9,No
4.899,2.446,11.952,2.8001,4.5771,127.802,-25.7,95.0,Yes
5.085,0.16,0.833,0.0968,0.0622,1.953,-78.6,31.5,No
4.924,3.093,15.085,2.2836,4.3901,82.06,-25.2,75.3,Yes
4.879,2.762,13.515,3.804,4.501,87.568,-32.8,89.0,Yes
4.986,0.845,4.226,0.5381,0.3,26.195,-46.9,68.0,No
5.03,0.041,0.223,0.1159,0.0505,2.436,-95.9,34.4,No
5.027,0.375,1.901,0.1495,0.148,3.219,-70.6,40.4,No
4.917,2.224,10.806,2.699,3.3157,96.254,-20.7,83.8,Yes
4.894,1.745,8.453,3.0043,2.8247,96.535,-17.7,73.7,Yes
5.041,0.179,0.892,0.0135,0.0614,0.734,-80.8,30.0,No
5.047,0.117,0.59,0.0461,0.0215,1.065,-89.5,30.1,No
5.058,0.153,0.77,0.0915,0.0,1.287,-99.9,34.8,No
5.056,0.095,0.487,0.0448,0.0287,1.165,-75.3,39.6,No
5.046,0.154,0.785,0.1528,0.1452,7.006,-89.0,42.8,No
4.965,1.662,8.16,1.8265,2.325,66.277,-39.7,67.5,Yes
4.953,1.803,8.876,1.9802,1.889,71.51,-48.7,77.9,Yes
5.052,0.468,2.387,0.3137,0.1611,6.955,-68.0,50.7,No
4.875,1.696,8.304,2.1666,3.1869,128.897,-33.1,85.1,Yes
5.021,0.855,4.269,0.7778,0.3848,28.727,-57.1,55.2,No
5.016,1.859,9.333,1.3522,2.2804,46.52,-42.0,62.0,Yes
5.08,0.162,0.86,0.2328,0.1457,4.294,-71.3,44.4,No
5.077,0.18,0.901,0.0377,0.0409,2.237,-89.6,37.5,No
4.999,0.909,4.507,0.4636,0.6959,24.334,-53.7,59.9,No
5.036,0.284,1.433,0.2568,0.1966,4.657,-72.5,43.6,No
4.907,2.223,10.756,2.2421,3.6771,85.089,-16.3,88.7,Yes
4.98,0.754,3.749,0.5487,0.4498,8.993,-57.5,72.0,No
5.042,0.078,0.381,0.0302,0.0771,3.152,-98.3,35.8,No
5.028,0.177,0.921,0.2248,0.0625,5.197,-62.9,41.8,No
4.846,1.985,9.512,3.546,3.5231,122.9,-9.1,86.7,Yes
5.066,0.178,0.89,0.0396,0.0169,1.229,-95.4,33.0,No
5.057,0.102,0.513,0.0204,0.0813,1.204,-92.3,40.9,No
4.898,2.895,14.114,2.299,2.7422,107.16,-22.2,90.3,Yes
5.078,0.114,0.592,0.0954,0.0186,2.569,-89.7,38.4,No
5.022,0.01,0.058,0.0981,0.0421,1.463,-90.6,30.5,No
5.008,0.481,2.369,0.2687,0.2121,7.196,-57.9,53.4,No
5.008,0.396,2.045,0.1002,0.0546,5.427,-56.1,40.8,No
5.04,0.165,0.812,0.0585,0.0302,0.5,-89.4,37.0,No
5.026,0.421,2.106,0.143,0.186,1.774,-82.4,45.1,No
5.027,0.031,0.189,0.0877,0.0552,0.5,-88.7,37.0,No
4.902,2.307,11.289,2.4351,3.1274,135.175,-3.4,82.3,Yes
5.015,0.407,2.01,0.342,0.2686,7.002,-42.6,49.6,No
4.969,1.387,6.84,1.8534,1.8322,45.106,-24.7,74.5,Yes
4.988,0.878,4.348,0.7742,0.6264,26.607,-52.2,61.6,No
5.01,1.129,5.529,0.7247,0.7664,25.336,-44.0,62.3,No
5.029,0.835,4.207,0.8109,0.421,38.987,-55.5,56.3,Yes
4.994,1.883,9.441,1.9091,2.0172,45.667,-10.7,73.3,Yes
4.965,1.822,9.096,1.2184,2.2672,38.294,-49.6,76.5,Yes
4.944,3.062,15.212,3.1132,3.4886,112.415,-16.1,86.7,Yes
4.955,1.888,9.338,1.6401,2.2012,47.365,-34.3,73.5,Yes
4.909,2.828,14.076,2.7679,3.7269,81.43,-9.5,77.3,Yes
4.874,2.18,10.653,3.5892,3.2786,82.537,-10.3,92.7,Yes
4.994,0.439,2.218,0.339,0.1897,5.807,-56.0,51.7,No
5.015,1.05,5.216,0.776,0.7815,16.085,-63.9,62.7,No
5.053,0.117,0.584,0.0382,0.0538,1.898,-97.3,42.8,No
4.891,2.475,12.127,2.3771,2.451,128.383,-10.9,88.0,Yes
4.98,0.956,4.777,0.6727,0.4112,35.428,-37.2,59.9,No
5.063,0.175,0.873,0.0411,0.0137,1.126,-88.1,38.7,No
5.011,1.397,7.079,2.0142,1.7455,41.767,-24.2,72.8,Yes
5.009,0.499,2.468,0.3105,0.2671,7.743,-61.6,55.0,No
4.983,1.506,7.538,2.5009,1.8156,51.702,-37.8,62.0,Yes
5.051,0.15,0.752,0.0537,0.0425,1.581,-73.9,36.0,No
5.044,0.168,0.861,0.0,0.0154,1.172,-93.0,37.0,No
4.967,1.868,9.343,1.3433,1.2528,74.76,-21.9,69.1,Yes
4.92,1.986,9.827,2.5976,3.5762,111.5,-19.1,74.8,Yes
4.932,2.489,12.298,2.6953,3.2801,126.719,-17.2,78.2,Yes
5.028,0.036,0.171,0.1132,0.0719,2.519,-93.0,37.1,No
5.064,0.036,0.181,0.005,0.0024,2.12,-82.3,30.0,No
4.942,1.829,9.05,2.3984,3.6938,102.566,-19.3,81.1,Yes
5.02,0.531,2.69,0.2607,0.1856,7.9,-51.3,50.1,No
4.959,1.323,6.544,1.6661,2.3079,70.231,-47.2,68.5,Yes
4.938,2.112,10.421,2.679,2.7129,123.377,-20.6,90.0,Yes
4.949,1.769,8.77,1.3339,1.2262,77.727,-36.7,78.9,Yes
4.914,1.457,7.171,1.3954,2.2183,60.956,-35.2,71.8,Yes
4.892,1.63,7.915,2.0137,3.5311,122.523,-19.4,79.2,Yes
5.041,0.031,0.171,0.0391,0.0107,2.55,-103.0,30.0,No
4.905,1.81,9.112,3.1172,4.4232,100.605,-26.5,74.3,Yes
4.99,1.65,8.261,1.4326,1.5214,82.623,-39.8,67.7,Yes
5.009,1.481,7.354,1.571,2.009,82.637,-39.0,68.2,Yes
4.968,1.435,7.125,1.3795,2.1187,74.33,-33.9,72.7,Yes
4.957,2.194,10.806,2.5408,3.3543,109.171,-19.1,86.2,Yes
5.042,0.274,1.387,0.1533,0.0619,6.036,-66.8,38.6,No
4.995,0.578,2.839,0.8709,0.7649,10.282,-53.2,63.6,No
5.034,0.192,0.968,0.0716,0.1015,3.762,-76.7,44.1,No
5.029,0.344,1.725,0.1937,0.189,2.161,-71.4,42.3,No
5.027,0.35,1.769,0.0829,0.0175,6.39,-70.7,42.0,No
4.99,0.453,2.24,0.2996,0.2343,6.455,-63.5,48.8,No
4.95,2.416,11.906,2.9551,2.8311,110.055,-14.7,80.0,Yes
5.055,0.141,0.712,0.0254,0.04,1.399,-90.1,34.0,No
4.918,2.583,12.701,3.1147,3.8508,98.763,-29.1,80.8,Yes
5.047,0.144,0.729,0.1148,0.057,1.782,-80.7,38.7,No
5.063,0.143,0.7,0.0853,0.0514,1.995,-87.4,30.0,No
5.035,0.036,0.175,0.0793,0.015,0.915,-76.8,41.6,No
5.076,0.387,1.964,0.0984,0.2121,6.297,-73.7,40.3,No
5.045,0.01,0.056,0.0579,0.0828,0.94,-82.6,31.1,No
5.067,0.154,0.81,0.1604,0.167,4.649,-57.2,45.1,No
5.06,0.048,0.24,0.0568,0.0394,2.565,-93.3,34.6,No
5.002,2.026,10.193,1.5734,2.043,68.182,-47.0,73.6,Yes
5.005,0.425,2.102,0.2804,0.2671,6.093,-55.6,53.6,No
4.962,1.322,6.5,2.0937,2.2722,69.555,-30.0,72.2,Yes
5.052,0.14,0.704,0.0271,0.0375,1.259,-87.2,35.6,No
4.89,2.816,13.742,3.8568,3.2214,106.121,-16.6,90.3,Yes
5.035,0.489,2.492,0.3255,0.1846,7.857,-49.9,48.0,No
5.017,0.376,1.885,0.137,0.1333,1.896,-72.6,40.1,No
5.041,0.032,0.17,0.0084,0.0517,2.539,-77.5,35.1,No
5.063,0.01,0.05,0.0452,0.0095,1.881,-79.8,36.8,No
5.048,0.018,0.081,0.0391,0.0488,1.289,-91.0,33.8,No
5.023,0.317,1.615,0.1565,0.1853,3.855,-88.6,43.5,No
5.048,0.198,0.957,0.0922,0.104,2.599,-78.6,44.9,No
4.981,1.559,7.61,1.4091,1.697,80.632,-42.1,80.1,Yes
4.882,2.307,11.294,2.5943,4.1546,129.671,-17.3,76.6,Yes
4.914,2.806,13.906,3.1663,4.4716,76.476,-10.1,80.1,Yes
5.036,0.408,2.062,0.26,0.1312,5.814,-73.5,37.1,No
4.878,2.72,13.313,3.1073,3.1908,95.77,-34.1,87.2,Yes
5.028,0.171,0.853,0.0617,0.0306,1.706,-80.0,41.4,No
5.007,0.445,2.249,0.2724,0.288,6.27,-59.2,49.2,No
4.993,1.359,6.644,2.1797,1.8684,68.04,-24.5,73.0,Yes
5.047,0.043,0.231,0.0825,0.0185,1.557,-76.7,41.3,No
5.02,1.18,5.95,0.8909,0.8345,22.903,-43.9,52.0,No
4.951,1.939,9.572,3.2183,2.0317,144.768,-18.2,85.3,Yes
5.024,0.039,0.205,0.1159,0.0579,0.883,-90.7,33.7,No
5.011,1.147,5.676,0.4793,0.8488,28.43,-37.7,67.6,Yes
5.038,0.357,1.81,0.263,0.0866,2.21,-67.4,46.5,No
5.051,0.09,0.451,0.0492,0.0118,2.871,-88.7,38.6,No
5.038,0.307,1.575,0.2659,0.0907,5.652,-69.8,48.0,No
4.856,1.864,9.006,2.2627,3.705,133.865,-14.9,81.3,Yes
5.065,0.066,0.33,0.0346,0.0288,1.987,-82.4,36.8,No
4.872,2.378,11.586,2.9977,3.9891,84.342,-9.4,89.0,Yes
5.047,0.051,0.257,0.0596,0.0544,1.441,-92.3,37.2,No
5.028,0.436,2.18,0.1878,0.1001,5.17,-72.8,42.7,No
4.872,2.633,12.835,3.6117,2.9851,112.784,-30.1,90.3,Yes
4.948,2.279,11.132,3.2334,4.1952,122.608,-24.2,82.8,Yes
4.872,2.298,11.229,2.5679,3.5223,117.045,-19.2,81.8,Yes
5.018,0.294,1.457,0.07,0.0573,2.442,-60.0,39.7,No
4.95,1.597,7.85,2.3652,3.257,135.02,-4.0,81.5,Yes
4.942,1.56,7.659,1.9985,1.9607,86.58,-44.1,73.0,Yes
5.045,0.132,0.672,0.0874,0.0234,2.752,-75.4,35.2,No
4.922,1.917,9.462,2.1144,2.063,142.826,-21.8,77.8,Yes
5.023,0.109,0.547,0.0873,0.028,2.66,-92.1,34.0,No
5.028,0.735,3.74,0.4089,0.5531,14.949,-38.8,60.5,No
4.913,1.637,8.096,1.8365,3.3837,129.502,-18.1,77.8,Yes
5.06,0.123,0.64,0.1125,0.0372,1.075,-92.2,30.2,No
4.871,2.352,11.453,3.0971,3.257,140.011,-21.4,82.7,Yes
4.914,1.99,9.73,2.6703,3.1861,111.24,-9.9,78.2,Yes
4.925,1.682,8.073,2.6834,2.1197,143.427,-26.2,79.1,Yes
5.062,0.114,0.585,0.0384,0.0257,1.43,-87.0,40.0,No
5.034,0.32,1.64,0.2663,0.0517,2.966,-71.3,52.0,No
4.891,1.718,8.363,1.9175,2.695,95.745,-25.5,71.7,Yes
4.912,2.196,10.719,2.7913,3.008,115.814,-20.4,87.7,Yes
5.016,0.187,0.931,0.1352,0.1681,2.372,-73.0,40.0,No
5.034,0.138,0.709,0.0722,0.0463,1.179,-94.4,35.2,No
5.051,0.365,1.834,0.1359,0.1233,6.814,-74.3,41.9,No
4.932,1.734,8.656,2.833,3.2123,142.46,-17.0,73.8,Yes
5.032,0.098,0.5,0.0608,0.0625,0.884,-92.5,43.1,No
5.075,0.159,0.797,0.0002,0.0415,1.8,-88.3,31.9,No
4.99,0.459,2.27,0.2806,0.1645,6.124,-59.0,50.8,No
4.885,2.731,13.425,3.4296,4.3958,117.206,-19.5,86.3,Yes
5.062,0.078,0.42,0.0488,0.0438,0.957,-77.7,37.1,No
5.038,0.506,2.555,0.216,0.2615,5.737,-63.5,44.5,No
4.924,2.141,10.617,2.9557,2.1276,121.737,-20.5,79.9,Yes
5.026,0.518,2.629,0.3047,0.1719,6.538,-69.4,47.8,No
5.016,0.576,2.974,0.4794,0.7782,13.788,-59.1,66.9,Yes
4.935,2.075,10.267,2.2912,2.3351,146.098,-18.0,75.3,Yes
5.061,0.017,0.079,0.0626,0.0347,3.27,-87.5,33.7,No
4.942,1.711,8.608,1.9237,3.3387,125.744,-20.6,80.4,Yes
5.063,0.067,0.34,0.0945,0.0362,0.826,-101.7,35.6,No
4.986,0.875,4.279,0.635,0.8422,10.826,-49.6,64.6,Yes
4.992,0.695,3.462,0.8018,0.7099,39.6,-50.7,66.4,Yes
4.91,2.95,14.404,2.9796,3.0418,134.35,-27.7,87.7,Yes
5.043,0.26,1.311,0.1248,0.0923,1.162,-73.3,45.8,No
5.058,0.049,0.251,0.1175,0.0691,1.749,-96.3,30.0,No
5.044,0.043,0.228,0.1074,0.0411,1.379,-86.1,36.6,No
4.981,1.39,6.999,2.3639,1.8628,93.484,-52.4,71.1,Yes
4.851,2.387,11.665,2.7674,4.0379,135.32,-10.6,84.3,Yes
5.053,0.061,0.304,0.1194,0.0199,0.919,-93.6,37.4,No
5.019,0.175,0.849,0.0906,0.074,2.843,-68.3,47.8,No
4.907,2.095,10.297,1.8107,3.3743,115.134,-17.3,75.0,Yes
5.035,0.119,0.611,0.0905,0.0043,2.819,-83.2,42.3,No
5.0,0.113,0.566,0.0761,0.1215,3.102,-89.1,41.8,No
5.027,0.104,0.529,0.0992,0.0085,0.741,-89.9,41.0,No
4.906,2.019,10.021,1.9004,2.0406,135.175,-11.1,82.7,Yes
5.04,1.026,5.186,0.7472,0.5597,14.385,-56.6,63.4,No
4.927,1.987,9.886,2.0001,2.641,102.259,-26.7,81.3,Yes
4.857,2.448,11.961,3.2627,2.965,143.611,-2.5,79.8,Yes
4.98,1.593,7.956,1.4768,2.2077,65.69,-34.5,76.7,Yes
5.005,0.732,3.67,0.5987,0.8405,8.902,-40.3,58.8,Yes
4.98,1.14,5.709,0.5134,0.7817,10.498,-58.1,57.5,Yes
5.064,0.032,0.182,0.0732,0.0343,0.975,-84.4,39.9,No
5.017,1.181,5.883,0.7937,0.4599,38.461,-30.7,67.5,No
5.023,0.111,0.527,0.2707,0.1576,1.908,-73.3,43.9,No
4.982,1.693,8.319,2.3574,1.2335,51.145,-39.8,74.2,Yes
4.968,1.567,7.729,1.7151,1.5154,52.078,-36.6,80.4,Yes
4.882,3.037,14.715,3.2055,4.4067,120.248,-14.6,92.7,Yes
4.903,2.667,13.105,3.7254,3.9963,98.497,-16.6,91.8,Yes
5.006,0.489,2.46,0.2358,0.2508,5.312,-70.3,55.0,No
5.051,0.171,0.855,0.0965,0.0688,2.84,-93.8,40.0,No
5.012,1.761,8.842,2.376,2.1002,62.645,-37.1,76.5,Yes
5.004,1.01,4.957,0.74,0.73,32.228,-47.4,52.0,No
4.862,2.147,10.436,2.9564,2.5954,133.395,-22.9,84.8,Yes
4.893,2.824,13.775,3.118,4.2561,106.541,-11.3,87.6,Yes
4.886,3.0,14.888,3.8777,3.9759,87.16,-19.9,81.9,Yes
5.058,0.052,0.26,0.1088,0.0136,1.358,-80.2,38.2,No
5.044,0.036,0.192,0.1199,0.0776,1.78,-76.5,33.7,No
5.062,0.149,0.771,0.0417,0.0602,2.444,-84.2,36.1,No
5.036,0.063,0.339,0.077,0.0285,0.979,-84.9,30.0,No
5.013,1.279,6.406,0.7149,0.6385,22.058,-47.1,60.4,Yes
4.928,2.297,11.183,2.0719,3.0283,110.28,-24.5,79.4,Yes
4.997,1.133,5.697,0.3841,0.3081,32.392,-33.9,62.4,No
5.005,1.113,5.643,0.6397,0.5718,17.273,-50.5,61.4,Yes
5.0,0.152,0.723,0.1814,0.0978,6.813,-77.7,42.1,No
5.027,0.478,2.427,0.2905,0.2729,6.805,-59.4,50.7,No
5.044,0.028,0.132,0.002,0.0183,1.791,-95.3,35.0,No
5.045,0.435,2.161,0.1378,0.0347,6.182,-44.9,44.0,No
4.981,0.992,4.986,0.568,0.4394,17.879,-46.2,69.8,Yes
4.974,1.961,9.72,1.6806,1.7981,59.887,-35.5,70.6,Yes
5.032,0.429,2.165,0.2313,0.189,6.063,-46.4,55.0,No
5.021,0.032,0.169,0.0778,0.0384,2.866,-91.3,34.4,No
4.9,2.498,12.206,2.1908,3.084,95.757,-23.1,68.0,Yes
5.066,0.139,0.716,0.0465,0.0285,2.738,-86.4,32.5,No
4.874,3.017,14.616,2.7305,4.2623,83.854,-33.2,75.5,Yes
4.978,1.941,9.622,2.358,1.2139,83.445,-30.7,79.4,Yes
5.023,0.664,3.295,0.5498,0.3109,24.445,-37.3,67.3,Yes
4.979,1.621,8.157,2.0128,1.3944,86.472,-31.2,62.7,Yes
4.957,1.404,6.948,1.2219,2.3268,90.725,-55.2,73.1,Yes
5.037,0.016,0.077,0.0367,0.0709,2.259,-82.1,30.0,No
4.879,1.986,9.687,2.2354,2.7966,109.006,-32.5,81.9,Yes
4.876,2.679,13.127,2.8364,4.4042,78.906,-27.4,84.3,Yes
5.056,0.246,1.22,0.086,0.1288,6.256,-79.0,40.5,No
5.053,0.154,0.77,0.0422,0.0439,1.382,-89.8,38.8,No
4.993,1.004,5.05,0.8122,0.8123,9.908,-43.0,59.8,No
5.016,0.168,0.827,0.0614,0.0474,1.988,-74.4,36.8,No
4.989,1.122,5.644,0.6126,0.3264,35.531,-56.4,69.6,No
5.051,0.383,1.909,0.1793,0.1257,5.942,-80.9,37.0,No
4.946,2.639,13.11,2.8511,2.5416,137.584,-12.3,80.9,Yes
4.986,1.684,8.335,2.2157,1.67,85.239,-42.9,74.5,Yes
4.999,0.469,2.337,0.3137,0.2474,5.874,-64.4,47.9,No
4.883,2.176,10.535,3.384,2.4985,125.046,-4.9,87.2,Yes
5.008,0.405,2.032,0.1782,0.1004,4.825,-55.6,43.9,No
5.062,0.074,0.378,0.0057,0.0417,1.113,-90.8,37.3,No
5.033,0.149,0.74,0.1217,0.1816,5.694,-65.5,50.3,No
5.04,0.122,0.595,0.1148,0.0301,2.264,-89.4,36.1,No
4.951,1.463,7.282,2.0481,1.9816,94.441,-37.8,72.7,Yes
5.001,0.535,2.715,0.2296,0.25,7.237,-50.0,51.5,No
5.018,0.309,1.557,0.0924,0.1232,2.625,-85.3,46.3,No
5.025,0.142,0.769,0.2606,0.1657,2.152,-68.9,43.7,No
5.057,0.141,0.712,0.0767,0.0436,2.194,-93.1,30.8,No
5.0,0.194,0.988,0.2658,0.1765,6.391,-77.9,42.4,No
5.068,0.143,0.714,0.0349,0.0606,3.06,-79.9,43.1,No
5.021,0.167,0.849,0.0634,0.0778,4.59,-90.8,49.0,No
5.013,0.41,2.076,0.3271,0.2446,7.496,-68.9,54.2,No
5.047,0.15,0.734,0.233,0.1508,5.132,-57.1,45.8,No
5.06,0.06,0.285,0.0887,0.0283,0.553,-93.0,37.1,No
4.99,0.437,2.139,0.2931,0.1873,7.594,-61.1,54.7,No
4.988,1.995,9.894,2.1111,2.0166,53.998,-41.7,76.0,Yes
5.0,0.743,3.659,0.5399,0.7359,12.495,-48.3,62.0,No
5.018,0.511,2.507,0.2747,0.2835,7.645,-61.6,44.3,No
4.909,2.542,12.547,2.1246,3.493,103.008,-19.6,80.0,Yes
4.997,1.214,6.165,0.4153,0.6319,39.778,-52.7,67.9,No
4.978,2.104,10.5,1.2049,1.1881,80.57,-43.7,78.1,Yes
5.038,0.407,2.03,0.2113,0.197,5.743,-51.0,44.8,No
4.879,2.007,9.785,2.5356,3.4519,136.261,-4.5,88.6,Yes
5.024,0.455,2.281,0.2688,0.2468,6.053,-46.2,46.9,No
5.01,0.8,4.035,0.6194,0.5287,20.62,-46.9,60.0,Yes
5.045,0.063,0.313,0.0865,0.0181,2.155,-93.3,38.1,No
5.034,0.446,2.283,0.2634,0.1529,7.734,-66.7,51.8,No
5.018,0.218,1.108,0.2007,0.0984,4.11,-68.0,42.2,No
4.888,2.018,9.803,2.5699,2.8442,79.639,-21.9,91.5,Yes
4.894,2.234,10.889,3.1815,3.11,109.982,-19.2,71.9,Yes
4.96,1.98,9.879,1.6788,1.4215,41.292,-30.0,69.5,Yes
4.95,2.259,11.143,3.1013,2.5098,109.169,-24.8,74.0,Yes
5.037,0.013,0.063,0.0,0.0816,0.649,-102.2,38.1,No
5.035,0.117,0.542,0.2826,0.0547,3.548,-78.1,43.1,No
5.044,0.224,1.118,0.2707,0.0904,7.255,-77.8,46.9,No
5.068,0.204,1.002,0.1115,0.0258,4.471,-79.6,42.3,No
5.055,0.226,1.184,0.2636,0.2166,3.125,-77.0,42.9,No
5.006,0.861,4.294,0.5636,0.8401,17.072,-34.4,67.9,No
5.039,0.408,2.035,0.2434,0.2743,5.949,-51.5,47.8,No
5.014,0.139,0.696,0.1116,0.0104,2.351,-85.0,40.4,No
5.024,1.167,5.981,0.5114,0.4417,27.912,-46.7,61.9,Yes
4.969,2.046,10.114,2.1233,1.5015,39.058,-37.9,63.0,Yes
4.918,2.464,12.004,3.8846,4.1616,118.365,-8.0,81.5,Yes
4.917,1.836,9.117,3.2465,3.7431,124.739,-8.8,79.7,Yes
4.992,0.421,2.055,0.2746,0.2205,6.84,-58.8,46.9,No
5.015,0.387,1.95,0.1298,0.0457,5.608,-61.1,52.0,No
5.0,0.249,1.231,0.0336,0.1494,5.679,-59.7,42.9,No
4.98,0.631,3.033,0.4182,0.5549,30.864,-40.2,58.3,Yes
4.909,1.896,9.221,2.2319,3.3858,130.086,-20.6,81.8,Yes
4.97,1.796,8.85,2.2531,1.2159,76.289,-44.2,74.7,Yes
5.04,0.98,4.971,0.7497,0.505,40.326,-30.0,62.0,Yes
4.955,1.84,9.146,1.8648,1.266,60.011,-15.6,69.1,Yes
5.041,0.265,1.346,0.1548,0.0598,2.063,-67.7,52.0,No
5.035,0.078,0.392,0.0346,0.0765,1.624,-86.4,37.0,No
5.03,0.082,0.42,0.0052,0.0577,3.216,-108.1,37.8,No
5.013,1.128,5.663,0.6485,0.85,31.136,-45.0,56.3,Yes
5.021,0.307,1.516,0.2615,0.1625,2.233,-70.8,52.0,No
5.07,0.098,0.501,0.0306,0.0358,2.757,-89.8,34.7,No
5.002,0.771,3.764,0.6753,0.4792,9.354,-36.4,57.3,Yes
5.038,0.548,2.772,0.2996,0.2379,6.644,-61.4,48.8,No
4.961,1.748,8.667,2.0122,2.0348,67.097,-28.5,75.9,Yes
4.839,2.903,13.966,2.5727,4.5727,79.635,-38.1,87.8,Yes
4.998,0.516,2.596,0.3282,0.2052,7.248,-62.3,47.4,No
5.03,0.422,2.131,0.2378,0.2369,7.656,-40.0,49.6,No
5.053,0.135,0.693,0.0935,0.0008,1.083,-60.6,39.9,No
5.037,0.071,0.352,0.0892,0.0701,0.854,-77.5,35.8,No
4.884,2.008,9.883,3.2568,4.1475,84.736,-11.5,83.4,Yes
5.031,0.084,0.408,0.1021,0.0263,2.806,-89.8,35.0,No
4.961,1.748,8.666,1.6142,1.2031,94.014,-40.0,74.0,Yes
4.876,2.126,10.251,3.195,2.6536,84.822,-16.1,89.8,Yes
5.01,0.541,2.76,0.3199,0.2107,7.061,-47.1,49.5,No
4.98,1.202,5.944,0.5532,0.5493,33.522,-41.3,64.0,No
4.883,2.585,12.623,2.4135,2.6777,119.053,-11.2,75.6,Yes
4.951,1.693,8.481,1.9155,2.1747,52.633,-22.8,78.9,Yes
4.929,2.031,10.071,3.0463,3.5144,99.363,-7.4,77.5,Yes
5.005,0.646,3.275,0.7722,0.7183,29.922,-49.3,63.0,No
4.999,0.452,2.28,0.2537,0.2552,6.033,-72.8,51.7,No
5.018,0.472,2.338,0.3425,0.2128,7.31,-67.7,44.4,No
4.888,1.989,9.69,3.0286,3.404,111.656,-29.7,87.5,Yes
5.015,2.084,10.492,2.0137,1.847,47.482,-37.0,69.1,Yes
4.882,2.249,10.996,3.4935,3.0634,77.988,-18.3,89.8,Yes
5.026,0.47,2.384,0.2185,0.2417,5.846,-40.8,48.8,No
5.025,0.714,3.553,0.4294,0.7385,39.423,-39.8,67.2,No
5.033,0.241,1.182,0.0591,0.1141,2.513,-70.6,51.2,No
5.052,0.194,0.958,0.1609,0.0454,4.639,-63.3,43.9,No
5.041,0.068,0.362,0.1014,0.0664,0.872,-87.9,36.6,No
5.0,0.125,0.62,0.2476,0.0898,1.196,-70.8,41.2,No
4.992,1.099,5.445,0.6743,0.5965,10.539,-43.1,65.9,Yes
5.019,0.401,1.98,0.2766,0.1716,6.31,-43.3,47.1,No
4.946,1.407,6.923,2.2191,1.7543,78.105,-48.6,63.1,Yes
4.979,1.991,9.863,2.4197,1.8982,45.795,-40.3,68.3,Yes
5.034,0.459,2.305,0.3362,0.2148,6.084,-60.8,51.6,No
5.026,0.187,0.946,0.1481,0.1813,0.9,-72.2,42.2,No
4.927,2.252,10.992,2.4173,3.0413,146.163,-11.7,82.7,Yes
5.02,0.351,1.763,0.1746,0.1221,4.202,-85.1,39.0,No
5.019,0.488,2.399,0.2863,0.154,7.264,-58.7,45.0,No
4.995,0.887,4.433,0.5708,0.5982,11.799,-43.9,64.1,No
4.954,1.725,8.604,1.2478,1.9409,89.421,-41.1,74.5,Yes
5.044,0.416,2.099,0.2137,0.1877,4.519,-71.0,40.0,No
5.054,0.122,0.633,0.0676,0.0202,1.839,-85.0,35.8,No
5.001,1.15,5.744,0.4367,0.555,20.862,-47.7,59.2,Yes
5.037,0.168,0.806,0.1327,0.0639,4.058,-68.1,45.5,No
5.014,0.206,1.025,0.249,0.1661,5.056,-76.9,46.9,No
5.007,1.219,6.084,0.8522,0.5931,15.93,-50.7,63.6,Yes
5.043,0.117,0.586,0.0945,0.0292,1.303,-92.0,39.0,No
5.058,0.196,0.95,0.0017,0.0553,2.737,-96.7,30.9,No
5.061,0.114,0.562,0.0964,0.068,0.5,-89.4,33.2,No
4.982,1.997,9.98,2.2798,1.2015,39.062,-37.9,74.4,Yes
4.911,1.898,9.413,2.0731,3.6783,111.977,-10.0,79.2,Yes
4.987,1.132,5.665,0.7547,0.5519,38.241,-50.5,59.8,Yes
5.061,0.102,0.514,0.066,0.0376,2.724,-95.2,38.5,No
5.006,0.487,2.482,0.2723,0.2834,6.499,-52.0,44.0,No
4.991,1.875,9.271,2.472,1.9027,75.779,-29.9,72.9,Yes
4.876,2.448,12.059,3.2543,4.0971,96.825,-23.9,77.9,Yes
5.041,0.029,0.136,0.099,0.0461,2.372,-90.1,42.7,No
4.903,2.143,10.465,2.6287,2.0653,121.747,-12.4,84.5,Yes
5.028,0.413,2.093,0.33,0.2434,6.534,-54.2,49.5,No
4.901,1.957,9.69,3.1268,4.5448,134.528,-22.4,91.7,Yes
5.059,0.456,2.3,0.2588,0.165,4.794,-76.0,40.4,No
4.989,0.826,4.079,0.7863,0.6743,28.773,-37.2,68.8,Yes
4.917,1.705,8.413,2.5545,2.341,121.222,-22.8,76.7,Yes
5.02,0.62,3.179,0.5342,0.4625,38.239,-48.9,69.6,No
5.051,0.163,0.831,0.0114,0.0131,2.545,-94.2,33.0,No
4.958,1.495,7.401,1.5589,1.9175,65.02,-30.0,78.4,Yes
4.927,2.066,10.067,2.2362,2.466,110.263,-10.9,85.8,Yes
4.99,0.861,4.34,0.4835,0.76,37.131,-48.8,64.5,Yes
5.044,0.356,1.789,0.0616,0.1099,6.894,-90.6,43.0,No
4.987,0.918,4.543,0.7299,0.7835,23.112,-49.4,70.5,No
5.021,0.364,1.837,0.1032,0.0476,1.423,-66.5,49.3,No
4.874,2.555,12.545,2.944,2.7238,106.923,-19.0,74.3,Yes
4.906,3.056,15.079,2.4132,3.2353,134.564,-8.7,86.1,Yes
5.01,0.431,2.176,0.0828,0.2157,5.951,-65.2,48.5,No
5.019,0.376,1.856,0.2541,0.0813,6.484,-67.6,41.9,No
5.046,0.022,0.116,0.0,0.0645,0.949,-87.7,40.7,No
4.988,1.126,5.53,0.6189,0.7639,27.061,-48.6,52.4,No
5.006,1.251,6.261,0.689,0.8255,15.457,-56.8,56.6,No
5.038,0.332,1.678,0.1993,0.0768,5.297,-74.9,45.6,No
5.071,0.049,0.253,0.0161,0.0252,0.938,-98.5,37.0,No
5.044,0.094,0.469,0.0565,0.0344,2.563,-82.3,30.3,No
5.067,0.023,0.103,0.0256,0.0666,2.799,-94.7,32.2,No
5.027,0.555,2.765,0.7809,0.6287,11.871,-54.5,61.4,No
5.01,1.062,5.351,0.3726,0.606,30.811,-59.0,57.8,Yes
5.048,0.158,0.816,0.0,0.0402,0.607,-95.1,35.3,No
4.909,1.923,9.401,3.218,3.8727,102.509,-21.4,81.8,Yes
5.006,0.341,1.679,0.2035,0.1725,2.806,-71.1,41.4,No
5.035,1.132,5.666,0.5092,0.582,23.762,-63.8,61.1,No
5.064,0.159,0.806,0.0029,0.0337,1.636,-85.2,32.3,No
4.961,2.072,10.237,2.0195,2.1727,69.041,-40.5,82.8,Yes
5.022,0.153,0.776,0.0255,0.0471,2.139,-80.1,37.1,No
5.041,0.111,0.546,0.0717,0.2154,5.974,-70.4,40.6,No
5.025,0.479,2.384,0.2085,0.2566,6.844,-62.0,46.7,No
5.01,1.203,6.043,0.4933,0.5978,17.25,-56.4,65.2,No
4.995,1.258,6.219,0.7304,0.6352,24.754,-44.0,61.3,Yes
5.006,0.829,4.14,0.9,0.8124,11.396,-48.4,64.6,Yes
4.976,2.003,10.003,1.2764,1.8721,60.236,-45.1,72.7,Yes
5.0,1.023,5.029,0.7897,0.7541,20.038,-42.5,68.2,No
4.989,1.627,8.048,1.2154,1.8926,48.74,-38.7,76.6,Yes
4.966,2.071,10.312,2.3261,2.15,71.619,-47.9,76.7,Yes
4.889,2.123,10.317,2.5259,3.2014,103.588,-27.6,75.8,Yes
5.008,0.283,1.422,0.1783,0.1617,1.357,-83.9,33.5,No
4.953,1.749,8.693,2.4116,2.061,113.635,-23.6,89.0,Yes
5.0,0.306,1.51,0.193,0.1124,1.947,-62.8,42.9,No
5.026,0.116,0.585,0.0614,0.042,2.646,-89.8,34.4,No
4.895,2.376,11.641,3.0352,2.338,121.976,-15.8,80.8,Yes
4.929,2.315,11.504,3.6439,3.9623,136.504,-29.5,81.7,Yes
5.033,0.06,0.302,0.0932,0.062,3.193,-94.1,46.3,No
5.056,0.098,0.506,0.1114,0.0328,1.57,-88.5,38.2,No
5.027,0.41,2.078,0.2756,0.2319,5.814,-63.8,44.2,No
5.0,0.18,0.894,0.0795,0.0924,3.848,-78.6,44.6,No
5.04,0.788,3.998,0.7557,0.7021,40.185,-58.5,58.4,Yes
5.002,1.035,5.232,0.7349,0.5884,27.654,-54.7,72.0,Yes
4.9,3.012,14.808,3.1905,3.792,118.964,-19.2,78.1,Yes
4.864,2.484,12.071,3.8478,2.7934,119.856,-10.5,88.0,Yes
4.917,1.714,8.329,3.0335,3.7279,134.343,-17.7,81.7,Yes
5.065,0.176,0.889,0.0434,0.0735,2.229,-95.6,36.9,No
5.035,0.631,3.144,0.7599,0.628,33.865,-61.1,53.6,Yes
4.99,0.515,2.606,0.2946,0.2134,5.809,-62.7,55.0,No
5.02,0.758,3.818,0.4771,0.4829,15.622,-59.4,52.2,No
5.044,0.06,0.298,0.0172,0.0287,0.77,-92.0,30.0,No
4.884,1.985,9.689,1.8644,2.6563,136.4,-23.6,87.2,Yes
5.001,1.491,7.558,2.3824,1.8773,77.107,-23.7,79.3,Yes
5.013,1.478,7.257,1.9886,1.6459,88.381,-32.4,62.3,Yes
4.926,2.237,10.987,2.9391,2.2195,119.555,-14.6,76.8,Yes
5.044,0.456,2.241,0.3006,0.2055,7.11,-64.2,51.0,No
5.017,0.885,4.472,0.5669,0.8496,26.702,-51.5,66.1,Yes
5.057,0.389,1.953,0.0962,0.1333,3.852,-59.1,40.7,No
4.902,1.963,9.676,3.5122,4.5548,114.778,-32.0,81.4,Yes
4.948,1.948,9.686,2.1793,3.8239,144.914,-7.2,77.7,Yes
5.006,0.137,0.739,0.0805,0.0775,6.817,-45.2,45.7,No
5.056,0.314,1.592,0.0779,0.1714,1.931,-71.1,42.3,No
4.949,2.046,10.1,2.3577,2.3658,89.492,-34.7,66.6,Yes
5.02,0.275,1.375,0.2395,0.1396,2.813,-82.7,46.1,No
4.889,2.694,13.132,2.5785,3.0324,80.592,-18.1,83.6,Yes
5.036,0.09,0.43,0.0048,0.0094,2.678,-106.8,39.9,No
4.993,0.945,4.688,0.3866,0.386,16.562,-47.6,55.7,Yes
5.01,0.162,0.822,0.0074,0.0416,0.882,-91.8,34.7,No
5.028,0.87,4.368,0.4106,0.6992,18.259,-52.8,63.7,No
5.033,0.195,0.951,0.2047,0.1806,1.418,-82.1,43.7,No
5.007,0.416,2.099,0.3226,0.2072,7.221,-53.0,52.9,No
5.043,0.405,2.031,0.2161,0.1711,4.763,-65.8,44.3,No
5.049,0.054,0.258,0.1162,0.0224,0.877,-86.6,37.1,No
5.055,0.039,0.206,0.0395,0.0401,3.083,-88.5,36.1,No
5.036,0.181,0.946,0.175,0.1692,2.17,-50.6,50.0,No
5.001,0.354,1.712,0.1194,0.204,6.853,-80.8,42.9,No
5.048,0.159,0.797,0.0467,0.0167,1.226,-94.5,33.7,No
5.032,0.093,0.456,0.0,0.0738,2.574,-86.1,31.6,No
4.977,1.369,6.835,1.3981,2.0723,47.301,-37.1,78.7,Yes
4.899,2.064,10.07,2.3223,3.6173,119.878,-12.3,81.5,Yes
5.052,0.19,0.951,0.0895,0.1506,1.622,-75.1,44.7,No
4.881,2.228,10.685,2.4325,4.0797,90.858,-28.9,88.7,Yes
5.018,0.159,0.773,0.1897,0.0238,5.675,-63.1,51.3,No
5.034,0.815,4.222,0.8396,0.3483,9.325,-36.2,62.4,Yes
5.05,0.087,0.47,0.0923,0.0238,0.5,-79.8,34.4,No
5.01,0.189,0.971,0.1401,0.1449,5.011,-70.9,41.6,No
5.019,0.757,3.886,0.8248,0.6284,33.041,-59.2,66.3,Yes
4.837,2.768,13.489,3.3713,3.1116,116.781,-8.5,86.7,Yes
5.015,0.103,0.501,0.0684,0.1808,1.241,-55.9,49.8,No
4.865,2.08,10.129,2.7217,3.7348,139.033,-19.7,79.6,Yes
5.04,0.437,2.201,0.0827,0.1161,7.109,-64.4,45.2,No
5.061,0.017,0.099,0.065,0.017,1.27,-79.0,35.8,No
5.03,0.197,1.021,0.1414,0.183,1.194,-64.7,36.8,No
5.014,1.173,5.805,0.4854,0.3291,24.918,-45.8,65.2,Yes
4.946,1.93,9.52,2.3248,2.1519,88.762,-49.7,73.9,Yes
5.008,0.664,3.302,0.435,0.784,24.616,-65.0,64.7,Yes
5.024,0.213,1.071,0.0603,0.2244,5.997,-60.1,43.7,No
5.06,0.083,0.432,0.0791,0.0436,2.63,-94.8,40.0,No
5.063,0.173,0.887,0.0884,0.0179,0.599,-92.2,33.5,No
5.065,0.155,0.801,0.0534,0.065,0.914,-68.8,37.8,No
5.025,0.378,1.921,0.1158,0.2006,4.295,-56.9,34.9,No
5.029,0.346,1.737,0.1292,0.0504,1.658,-74.7,42.1,No
5.021,0.233,1.164,0.089,0.0378,5.22,-85.2,41.4,No
4.992,0.481,2.412,0.3049,0.2395,7.414,-53.8,49.5,No
5.049,0.128,0.653,0.24,0.1566,7.196,-82.2,49.6,No
5.031,0.114,0.556,0.0998,0.0578,1.268,-99.4,36.6,No
5.006,1.111,5.535,0.6071,0.4317,19.89,-45.9,68.9,No
4.954,2.313,11.471,3.0975,3.0863,136.429,-17.4,85.2,Yes
4.98,1.482,7.328,2.102,1.2483,42.961,-19.8,77.8,Yes
5.02,0.323,1.627,0.1183,0.0281,2.049,-76.1,35.2,No
5.012,0.234,1.166,0.1134,0.1486,3.939,-52.0,42.3,No
5.024,0.182,0.918,0.2308,0.1188,7.175,-95.6,43.2,No
4.929,2.806,13.721,3.4985,4.2113,120.737,-8.6,89.1,Yes
4.924,2.406,11.946,2.6146,3.7075,119.943,-14.5,81.1,Yes
4.89,1.931,9.364,3.1936,3.7598,130.961,-15.6,83.1,Yes
4.898,1.519,7.458,2.9316,3.6361,95.343,-15.1,75.5,Yes
5.014,0.208,1.051,0.2359,0.1514,7.248,-51.2,46.4,No
5.055,0.083,0.42,0.0306,0.0003,0.652,-90.4,38.0,No
5.05,0.119,0.603,0.0581,0.0411,2.279,-98.5,37.2,No
5.018,0.309,1.515,0.1883,0.2068,1.901,-66.8,45.8,No
4.867,1.887,9.278,3.291,3.9081,84.117,-19.6,81.6,Yes
4.928,2.673,13.174,2.2783,4.2513,77.614,-17.9,90.5,Yes
5.025,0.269,1.352,0.1254,0.1843,6.882,-59.7,40.9,No
5.017,0.127,0.661,0.081,0.2022,2.837,-77.7,49.4,No
4.99,0.521,2.603,0.2553,0.1746,7.683,-57.4,51.7,No
4.934,1.712,8.303,2.1508,2.3528,62.649,-23.8,83.0,Yes
4.881,2.46,12.256,3.5754,3.6403,132.504,-15.5,79.0,Yes
5.045,0.359,1.808,0.1028,0.2247,6.531,-86.2,45.6,No
5.037,0.073,0.38,0.0943,0.0388,1.654,-97.2,32.3,No
5.009,2.013,10.124,2.4895,2.3451,92.581,-30.2,72.7,Yes
4.935,2.403,11.868,2.278,2.9892,96.679,-16.4,81.9,Yes
5.054,0.116,0.583,0.0081,0.016,1.134,-104.3,35.3,No
5.018,0.389,1.954,0.1184,0.0824,6.896,-61.5,41.6,No
5.07,0.119,0.581,0.0372,0.0667,0.786,-82.9,30.5,No
4.996,0.664,3.37,0.6484,0.4043,35.178,-41.8,61.6,Yes
5.056,0.102,0.51,0.0417,0.0467,1.34,-87.3,33.8,No
4.964,1.779,8.781,1.3376,2.2189,88.925,-48.1,76.8,Yes
5.021,0.432,2.173,0.2786,0.1334,2.624,-82.8,43.5,No
4.838,2.703,13.149,2.9271,4.2059,77.779,-12.7,89.3,Yes
4.901,1.812,8.88,2.9404,3.7185,97.44,-17.5,87.5,Yes
5.063,0.107,0.552,0.0154,0.0377,2.627,-89.7,30.6,No
4.871,1.877,9.099,2.2713,2.7367,102.119,-20.7,80.7,Yes
5.008,0.706,3.569,0.5922,0.5723,34.795,-30.4,55.5,Yes
5.036,0.077,0.392,0.0214,0.0319,2.855,-86.8,31.7,No
5.04,0.159,0.78,0.2425,0.0729,5.601,-79.8,44.3,No
5.025,0.436,2.154,0.2888,0.1914,6.43,-51.2,51.8,No
4.983,2.053,10.178,2.1136,2.1259,57.682,-26.5,76.2,Yes
5.048,0.053,0.263,0.0167,0.0646,1.299,-82.3,30.0,No
4.849,1.984,9.717,2.7576,3.6001,99.991,-24.9,73.8,Yes
5.052,0.13,0.638,0.0736,0.0187,2.909,-89.4,31.6,No
5.031,0.861,4.3,0.4593,0.316,34.853,-50.6,72.0,Yes
4.998,0.534,2.662,0.2373,0.2634,6.704,-60.2,45.5,No
5.047,0.078,0.402,0.0654,0.0552,2.127,-88.4,37.0,No
5.01,1.14,5.816,0.4752,0.6127,34.957,-65.0,52.0,Yes
4.89,1.893,9.333,3.0243,2.9832,118.419,-19.8,93.8,Yes
4.86,3.012,14.689,3.0204,4.4273,94.207,-24.2,75.2,Yes
4.955,1.743,8.505,2.0355,3.4566,128.171,-14.8,74.8,Yes
5.042,0.161,0.8,0.1055,0.0737,2.131,-80.8,38.3,No
5.032,0.859,4.315,0.8652,0.8391,16.571,-53.6,54.3,Yes
4.895,2.051,10.06,3.4489,3.9612,133.726,-26.8,94.3,Yes
5.041,0.374,1.905,0.1753,0.1879,5.051,-70.5,40.5,No
4.982,0.606,3.054,0.3699,0.4376,41.192,-51.0,52.0,Yes
5.071,0.063,0.321,0.0336,0.0342,0.607,-78.0,41.8,No
5.039,0.268,1.365,0.1559,0.1146,5.78,-87.2,42.7,No
5.002,0.246,1.236,0.1751,0.1977,0.976,-78.0,42.0,No
5.037,0.151,0.742,0.0654,0.1237,4.649,-70.4,46.9,No
5.051,0.048,0.265,0.0352,0.0666,2.507,-82.5,37.5,No
5.068,0.141,0.7,0.0431,0.0055,2.973,-83.9,36.3,No
5.022,0.075,0.385,0.051,0.0732,1.514,-89.7,38.9,No
4.945,1.766,8.725,2.2563,1.1421,72.47,-27.2,71.5,Yes
5.017,0.696,3.476,0.6633,0.5981,14.178,-48.0,66.8,Yes
5.054,0.277,1.414,0.1356,0.1206,5.967,-71.1,49.8,No
4.984,0.89,4.471,0.4245,0.7873,29.605,-40.2,64.8,Yes
5.031,0.944,4.793,0.5215,0.7876,27.445,-39.0,62.0,Yes
4.981,1.776,8.761,1.7694,2.3003,92.347,-45.5,75.9,Yes
5.014,0.137,0.679,0.1863,0.1931,5.996,-80.1,46.6,No
4.962,1.972,9.746,1.4797,1.8744,90.152,-18.7,70.7,Yes
4.945,1.643,8.11,2.7057,3.297,137.311,-13.9,82.1,Yes
5.069,0.435,2.204,0.3016,0.2065,7.227,-59.0,46.9,No
5.053,0.078,0.401,0.0,0.0269,2.476,-89.1,32.6,No
5.037,0.902,4.43,0.7658,0.5007,13.961,-58.5,60.6,Yes
5.059,0.163,0.835,0.0795,0.0819,1.604,-85.5,33.8,No
5.039,0.313,1.569,0.1016,0.167,1.254,-62.3,44.1,No
5.005,1.419,7.062,2.4861,1.7775,83.272,-30.7,68.5,Yes
5.004,1.224,6.165,0.4168,0.3,35.571,-54.9,61.9,Yes
5.024,1.144,5.651,0.6256,0.4734,29.614,-35.6,55.8,No
5.03,0.435,2.194,0.2661,0.0978,6.37,-68.2,42.9,No
4.926,1.751,8.594,3.1694,2.5422,141.608,-25.8,88.2,Yes
5.029,0.324,1.645,0.1543,0.177,3.166,-77.7,44.0,No
5.045,0.131,0.668,0.0381,0.0326,1.156,-83.7,35.0,No
4.937,2.577,12.716,2.7949,3.2781,136.597,-21.8,75.9,Yes
4.905,2.044,10.063,3.7221,4.1791,115.718,-12.5,89.4,Yes
4.989,1.836,9.133,1.7387,1.7205,56.994,-35.2,75.7,Yes
5.003,1.125,5.66,0.7166,0.4763,26.073,-46.2,59.2,Yes
4.923,2.068,10.316,2.1756,2.0658,96.298,-13.2,70.9,Yes
4.946,2.506,12.344,1.8478,3.4612,130.373,-5.3,81.5,Yes
4.88,2.263,11.121,2.5715,2.9044,107.047,-15.5,82.9,Yes
5.045,0.182,0.951,0.2468,0.1463,2.623,-63.2,39.2,No
5.03,0.082,0.437,0.1266,0.0393,1.484,-87.9,37.2,No
5.037,0.236,1.195,0.1949,0.214,3.322,-55.7,43.8,No
5.025,0.917,4.663,0.6254,0.749,29.456,-62.1,54.3,Yes
5.033,0.32,1.623,0.2122,0.0353,5.649,-56.8,44.6,No
5.028,1.009,5.169,0.7646,0.7026,26.191,-62.5,68.1,Yes
4.997,0.521,2.628,0.3181,0.1925,6.125,-43.3,53.8,No
4.995,0.456,2.32,0.3339,0.2613,7.828,-52.5,48.0,No
5.007,0.458,2.261,0.2374,0.2637,7.558,-62.1,53.5,No
4.944,1.765,8.717,2.441,2.1363,46.097,-20.1,69.4,Yes
5.011,0.751,3.801,0.4772,0.6226,18.651,-39.5,62.2,No
5.003,0.614,3.046,0.6198,0.5036,28.599,-48.3,60.7,Yes
5.003,0.521,2.646,0.2779,0.1928,7.569,-57.1,50.0,No
5.014,0.86,4.286,0.6132,0.6731,19.533,-46.2,60.7,Yes
5.016,1.271,6.29,0.4983,0.5904,20.207,-42.4,64.6,No
5.037,0.127,0.634,0.1087,0.0666,3.186,-88.0,38.7,No
4.893,2.514,12.24,3.5827,3.0598,119.45,-28.5,87.6,Yes
5.015,0.148,0.77,0.1597,0.0632,5.581,-72.6,36.8,No
5.038,0.764,3.713,0.8107,0.7361,10.795,-36.5,61.2,Yes
5.036,0.308,1.574,0.1336,0.1968,5.718,-57.0,43.1,No
4.826,2.426,11.551,3.5619,3.5712,110.178,-22.7,78.1,Yes
4.894,2.014,9.723,2.9877,3.5118,135.382,-19.0,87.2,Yes
4.904,1.976,9.608,2.3475,2.0359,137.112,-8.0,80.6,Yes
5.053,0.177,0.883,0.0965,0.0698,1.094,-87.6,35.4,No
4.986,1.012,4.995,0.7873,0.6982,10.264,-46.5,57.3,Yes
4.948,1.582,7.853,2.2056,1.7247,46.162,-44.6,72.5,Yes
5.018,0.122,0.61,0.0859,0.0802,1.58,-76.4,38.8,No
5.046,0.169,0.85,0.0838,0.029,2.644,-76.9,32.8,No
4.98,1.205,6.018,0.5483,0.5885,14.876,-53.3,62.6,No
5.04,0.968,4.763,0.8552,0.3477,33.804,-33.3,61.7,No
5.032,1.023,5.146,0.5696,0.8398,31.741,-34.2,61.9,No
5.046,0.063,0.302,0.0639,0.0,2.677,-93.0,36.7,No
5.073,0.034,0.173,0.0507,0.0,1.592,-84.4,30.4,No
4.886,2.225,10.813,2.5487,3.4222,134.409,-12.7,80.8,Yes
4.912,2.236,10.99,2.2493,2.5422,144.939,-16.7,75.7,Yes
4.914,2.219,10.956,2.0384,3.2439,147.928,-13.0,80.1,Yes
5.052,0.066,0.313,0.0449,0.055,1.903,-79.1,35.4,No
5.048,0.16,0.83,0.1061,0.1068,7.409,-84.8,47.8,No
4.951,2.193,10.845,2.9619,3.249,146.946,-32.7,82.7,Yes
4.901,2.368,11.639,2.5884,3.2782,97.914,-11.1,77.8,Yes
4.89,2.798,13.82,3.0203,3.3517,79.842,-19.9,95.0,Yes
4.992,0.698,3.471,0.4869,0.6075,26.598,-33.5,59.9,Yes
5.061,0.073,0.364,0.0466,0.0707,2.613,-91.3,37.9,No
4.95,1.668,8.234,2.7371,3.0769,129.403,-15.6,71.5,Yes
5.02,0.527,2.649,0.3008,0.1619,5.669,-48.8,49.6,No
4.898,2.959,14.52,3.8634,3.0183,113.567,-12.2,85.6,Yes
5.017,0.393,1.953,0.1592,0.1669,5.705,-79.3,42.3,No
4.991,0.853,4.153,0.7276,0.5087,13.984,-45.2,64.2,Yes
5.056,0.132,0.697,0.0714,0.011,1.963,-75.0,34.3,No
4.994,2.106,10.5,1.4652,2.0489,87.92,-28.1,66.4,Yes
5.02,1.268,6.376,0.3727,0.7199,33.195,-46.4,57.0,Yes
4.898,1.828,8.979,2.2741,4.583,118.9,-13.6,72.6,Yes
5.046,0.074,0.382,0.0676,0.0441,1.77,-85.0,34.4,No
4.99,0.983,4.886,0.5207,0.3455,16.528,-65.0,68.0,No
5.008,1.081,5.385,0.8295,0.3458,32.576,-42.8,55.2,No
4.894,2.165,10.491,1.9663,2.7233,111.359,-14.9,84.2,Yes
4.851,2.272,10.975,3.3831,3.3562,128.022,-15.9,78.3,Yes
4.959,1.936,9.648,2.4537,1.3253,63.766,-49.5,72.9,Yes
4.911,2.408,11.759,3.8375,3.3915,86.63,-42.0,86.6,Yes
5.01,0.279,1.376,0.1932,0.0307,2.613,-74.7,47.2,No
4.892,1.598,7.875,2.6281,3.7226,123.644,-19.8,81.4,Yes
4.943,1.999,9.914,1.828,2.1627,92.194,-44.5,74.5,Yes
5.007,1.1,5.494,0.364,0.5352,38.131,-47.7,60.7,Yes
4.876,2.453,11.957,3.24,2.8809,132.786,-41.9,82.8,Yes
5.038,0.091,0.475,0.1076,0.0404,2.011,-81.2,36.7,No
4.935,2.154,10.761,2.6609,2.9601,91.283,-16.5,87.4,Yes
4.859,2.3,11.016,3.3721,2.6188,95.79,-23.9,76.3,Yes
5.042,0.055,0.285,0.0333,0.0528,1.565,-89.0,30.0,No
5.015,1.035,5.271,0.8174,0.5074,29.983,-47.2,56.9,No
4.887,2.408,11.698,3.6135,2.7576,141.73,-24.3,87.5,Yes
5.037,0.488,2.461,0.2952,0.2699,7.704,-75.2,48.8,No
4.988,1.59,7.902,1.9326,1.7043,54.657,-29.4,71.3,Yes
5.011,0.706,3.572,0.5978,0.3276,25.177,-61.4,60.0,Yes
5.026,0.178,0.908,0.2602,0.0739,3.474,-69.0,43.5,No
4.872,2.148,10.516,3.6915,3.1656,98.89,-23.3,84.8,Yes
4.994,1.567,7.949,1.4089,1.6768,84.037,-41.3,75.2,Yes
5.064,0.093,0.458,0.1001,0.0443,2.56,-82.9,36.3,No
5.032,0.286,1.453,0.1368,0.158,1.172,-72.4,44.2,No
5.026,0.137,0.727,0.031,0.0046,1.798,-89.5,38.8,No
4.944,1.794,8.853,3.1308,2.9857,127.64,-9.9,74.4,Yes
4.909,2.396,11.833,2.9714,3.9254,86.266,-2.6,84.8,Yes
5.036,0.104,0.509,0.0261,0.024,2.652,-99.0,41.7,No
4.896,2.543,12.316,2.8213,3.8535,108.578,-26.9,69.4,Yes
5.017,0.024,0.145,0.0278,0.0264,2.853,-99.2,41.2,No
5.024,0.396,1.968,0.2259,0.1432,2.927,-70.6,41.4,No
5.048,0.154,0.789,0.0318,0.052,1.954,-76.0,36.1,No
5.059,0.168,0.845,0.0518,0.0683,1.895,-92.2,33.9,No
5.063,0.035,0.172,0.0352,0.0286,0.543,-90.4,38.1,No
5.034,0.244,1.261,0.1212,0.1205,4.661,-66.5,43.3,No
4.874,2.028,9.959,3.2433,3.6139,122.437,-20.5,78.9,Yes
4.987,1.246,6.184,0.3715,0.8033,10.691,-44.1,57.4,No
4.901,2.882,14.139,3.7087,2.5649,134.737,-10.7,88.1,Yes
4.869,2.213,10.706,3.2886,2.6529,78.655,-13.1,77.8,Yes
4.995,0.621,3.131,0.5854,0.7558,22.579,-62.4,53.7,Yes
4.933,2.58,12.704,2.914,3.9998,78.668,-13.6,90.7,Yes
5.01,1.227,6.1,0.6364,0.379,24.176,-56.0,67.2,Yes
5.014,0.121,0.618,0.072,0.1039,6.291,-80.9,37.3,No
4.871,1.941,9.542,3.3662,3.8011,106.215,-22.7,84.1,Yes
4.977,1.858,9.196,1.3738,1.6299,40.158,-41.9,80.9,Yes
4.959,1.79,9.017,3.7259,2.6543,83.024,-34.3,78.1,Yes
5.037,0.246,1.245,0.165,0.0903,2.388,-74.7,45.6,No
5.037,1.045,5.339,0.8798,0.4858,15.761,-61.2,62.7,No
4.969,1.818,9.023,1.8028,2.7248,132.939,-26.5,87.6,Yes
5.024,0.392,2.012,0.153,0.2076,2.549,-79.2,39.9,No
5.036,0.16,0.804,0.0114,0.0456,1.925,-80.1,33.2,No
4.906,2.563,12.636,2.2148,2.4148,109.776,-7.4,83.7,Yes
5.032,0.343,1.737,0.1281,0.0926,4.865,-71.4,43.0,No
5.005,0.778,3.909,0.7989,0.3945,32.109,-50.2,59.8,No
5.042,0.424,2.1,0.2569,0.2592,6.69,-52.4,51.8,No
5.0,1.059,5.254,0.4726,0.77,35.447,-58.8,69.7,Yes
4.986,1.816,9.069,2.1777,1.9818,73.826,-29.1,71.8,Yes
4.986,1.003,5.112,0.5414,0.3429,9.056,-52.3,61.9,No
4.928,2.779,13.738,2.9284,4.0714,111.499,-27.0,84.7,Yes
5.041,0.376,1.916,0.0717,0.2059,5.354,-52.0,32.0,No
4.997,0.829,4.099,0.6295,0.5305,17.71,-35.9,64.5,Yes
4.984,1.282,6.4,0.6275,0.5284,39.389,-47.7,62.5,No
4.927,2.472,12.231,3.0337,4.5644,78.427,-24.2,93.9,Yes
5.049,0.348,1.747,0.0835,0.1002,1.574,-60.8,45.4,No
5.038,0.437,2.191,0.2244,0.0814,4.141,-62.5,38.4,No
4.99,0.46,2.311,0.3064,0.2258,7.028,-62.2,47.5,No
5.045,0.137,0.69,0.0732,0.0224,1.384,-90.3,35.1,No
5.039,0.379,1.941,0.0761,0.0911,2.788,-71.6,45.3,No
4.99,0.457,2.287,0.2194,0.2083,6.638,-55.4,49.4,No
5.032,1.027,5.233,0.6132,0.85,36.518,-48.6,65.9,No
5.021,0.186,0.921,0.1988,0.073,7.198,-63.9,41.3,No
5.026,0.41,1.992,0.267,0.2268,5.854,-48.3,45.5,No
4.901,2.054,10.16,2.4568,2.8402,84.332,-9.0,90.0,Yes
5.013,0.298,1.515,0.2617,0.1151,6.687,-72.7,42.2,No
4.975,1.913,9.496,1.6369,1.5658,63.551,-38.3,83.0,Yes
4.969,1.413,7.047,1.479,1.4272,47.403,-27.3,68.3,Yes
5.022,0.527,2.598,0.2401,0.1924,7.58,-63.8,51.8,No
5.005,0.42,2.102,0.293,0.2406,5.772,-59.1,44.0,No
5.002,0.497,2.472,0.2557,0.1603,5.686,-78.3,53.0,No
4.951,2.166,10.668,2.4208,2.9216,102.036,-17.9,77.7,Yes
5.009,0.859,4.253,0.4213,0.3643,20.355,-58.8,65.5,No
4.891,3.071,15.125,3.393,3.6664,135.962,-34.3,83.3,Yes
5.004,0.654,3.33,0.5708,0.4317,27.4,-30.0,58.7,No
4.928,2.628,13.039,2.9156,2.7996,95.266,-24.6,89.0,Yes
5.031,0.521,2.693,0.2672,0.2813,5.715,-64.9,48.6,No
5.01,0.824,4.022,0.559,0.3248,14.687,-38.1,65.3,Yes
5.005,0.875,4.436,0.8563,0.8323,36.984,-43.8,68.8,Yes
5.011,1.0,4.92,0.6651,0.455,22.315,-47.6,52.0,No
5.016,0.108,0.542,0.2586,0.0255,3.8,-87.7,45.1,No
5.032,0.346,1.752,0.1899,0.0785,0.992,-71.3,44.6,No
4.99,1.685,8.403,2.1725,2.3803,90.326,-26.2,83.0,Yes
5.04,1.104,5.538,0.502,0.6371,22.011,-36.9,58.6,No
4.952,1.743,8.505,1.8025,1.4227,76.81,-49.6,76.2,Yes
4.981,0.828,4.032,0.7894,0.4498,37.972,-57.9,64.9,Yes
4.966,1.988,9.864,1.8211,1.5624,38.61,-43.9,70.4,Yes
4.889,2.301,11.304,3.4055,3.0829,130.994,-6.0,87.9,Yes
4.866,2.233,11.021,3.1054,4.0913,107.867,-27.4,88.8,Yes
5.019,0.444,2.224,0.2643,0.2143,7.438,-55.8,46.9,No
4.944,1.505,7.441,1.8615,1.1848,49.06,-42.4,62.0,Yes
5.031,0.315,1.579,0.1326,0.1549,3.823,-66.8,44.2,No
5.017,0.09,0.461,0.0183,0.0241,1.286,-80.1,37.5,No
4.911,2.063,10.096,3.06,3.5207,83.325,-20.5,72.0,Yes
5.003,0.726,3.69,0.4161,0.6148,38.464,-59.5,65.4,Yes
5.018,0.893,4.432,0.7632,0.567,28.167,-60.8,64.4,Yes
4.964,1.982,9.836,1.8459,2.0256,82.679,-44.3,71.8,Yes
4.888,2.581,12.689,3.4404,3.3723,105.461,-20.3,87.3,Yes
4.85,2.288,11.116,3.5223,4.3725,135.465,-7.3,90.9,Yes
5.036,0.072,0.355,0.0313,0.0736,1.398,-84.1,39.3,No
5.026,0.428,2.155,0.0945,0.1911,3.398,-79.5,46.7,No
5.053,0.072,0.378,0.0804,0.0604,1.484,-85.0,34.0,No
5.002,0.64,3.272,0.3938,0.5865,24.537,-52.0,55.4,Yes
5.029,0.276,1.362,0.211,0.2221,1.829,-59.9,46.2,No
4.994,0.966,4.848,0.4572,0.4152,33.258,-46.7,60.5,No
4.955,2.377,11.724,3.0581,2.5288,118.935,-24.2,83.5,Yes
5.026,0.357,1.783,0.2702,0.0819,2.808,-68.3,45.9,No
5.04,0.159,0.82,0.0952,0.077,3.055,-93.7,31.8,No
5.045,0.171,0.871,0.0078,0.0352,2.595,-90.6,35.4,No
5.028,1.07,5.351,0.3725,0.4268,18.805,-57.2,69.3,Yes
5.031,0.173,0.856,0.1474,0.0248,6.943,-67.0,39.5,No
5.049,0.187,0.935,0.0352,0.0286,0.547,-90.6,30.0,No
5.014,1.002,5.047,0.5098,0.3177,40.344,-44.6,70.1,Yes
4.98,1.228,6.042,0.5335,0.7177,16.921,-46.6,67.6,Yes
5.03,0.108,0.548,0.2016,0.1659,5.044,-62.4,41.7,No
4.931,1.316,6.578,1.3599,1.9211,68.863,-48.7,73.5,Yes
5.009,0.643,3.245,0.5637,0.4561,20.926,-50.5,65.0,No
4.937,1.822,8.997,2.0732,1.1805,45.261,-32.0,65.5,Yes
5.03,0.208,1.032,0.101,0.1496,1.701,-76.9,43.8,No
4.992,0.833,4.182,0.726,0.3581,18.376,-50.0,59.9,No
5.017,1.009,5.013,0.7934,0.803,14.775,-30.0,55.5,Yes
4.897,2.111,10.284,2.8012,3.7311,111.606,-22.7,85.1,Yes
4.999,0.604,2.95,0.4327,0.4068,18.366,-50.7,66.2,Yes
4.901,2.331,11.505,2.1308,2.864,117.615,-3.4,79.4,Yes
5.065,0.115,0.585,0.262,0.1917,1.797,-66.5,42.3,No
4.923,2.943,14.57,2.8742,3.1867,121.015,-17.2,81.1,Yes
4.985,1.707,8.432,1.7085,1.8275,55.397,-19.8,63.0,Yes
5.042,0.043,0.224,0.0782,0.0,1.772,-85.0,39.3,No
5.043,0.343,1.762,0.277,0.1978,1.821,-96.6,41.9,No
4.913,2.858,14.074,2.5749,4.0243,139.701,-23.0,82.5,Yes
5.047,0.029,0.139,0.0392,0.0456,2.186,-100.9,34.9,No
4.916,1.872,9.121,2.0325,3.0188,144.648,-9.6,86.7,Yes
4.929,1.644,8.147,1.8318,3.3388,125.393,-16.1,83.7,Yes
4.871,2.037,9.949,3.056,2.609,145.785,-12.4,73.1,Yes
4.917,2.048,10.154,2.5944,4.3751,102.139,-10.3,84.2,Yes
5.056,0.083,0.441,0.0282,0.0655,0.828,-87.4,31.7,No
4.894,2.337,11.54,1.855,2.4855,134.249,-15.4,83.1,Yes
5.069,0.066,0.345,0.1134,0.0512,1.823,-98.0,44.6,No
4.927,3.027,15.03,2.9329,3.6788,119.111,-19.4,83.3,Yes
5.033,0.117,0.58,0.0767,0.0283,0.98,-87.0,31.3,No
4.965,1.841,9.229,1.908,2.1161,46.81,-41.8,79.8,Yes
5.016,0.864,4.322,0.3834,0.3013,9.092,-41.6,70.1,No
5.024,0.4,2.063,0.1997,0.2518,7.584,-68.4,51.5,No
4.997,1.042,5.202,0.6041,0.6169,22.25,-51.6,62.6,No
4.917,2.053,10.036,1.8459,1.7704,43.495,-40.6,79.7,Yes
4.92,1.837,8.901,2.5839,2.7359,134.014,-17.0,95.0,Yes
5.0,0.352,1.755,0.2797,0.1001,3.224,-82.7,44.0,No
5.044,0.476,2.407,0.2636,0.2775,5.817,-53.9,51.6,No
4.992,1.376,6.94,1.6822,2.1852,48.909,-38.1,65.6,Yes
5.057,0.076,0.388,0.0013,0.0551,0.854,-97.2,38.5,No
4.909,2.134,10.551,2.8766,2.2134,120.642,-16.5,80.9,Yes
5.004,0.5,2.479,0.2962,0.1746,7.504,-76.0,47.7,No
5.046,0.094,0.475,0.1043,0.0742,0.973,-101.0,44.4,No
5.036,0.115,0.578,0.0536,0.0135,0.963,-93.3,37.5,No
4.912,1.564,7.863,2.588,2.9653,119.752,-16.6,76.1,Yes
5.038,0.215,1.085,0.0766,0.0446,1.723,-74.8,43.2,No
4.903,2.31,11.41,3.2984,3.4675,115.593,-29.3,76.8,Yes
5.009,0.335,1.664,0.0389,0.1771,2.375,-90.4,42.6,No
5.044,0.162,0.821,0.0515,0.0675,3.354,-76.5,33.7,No
5.038,0.169,0.836,0.2902,0.1991,2.361,-67.2,45.9,No
5.056,0.078,0.374,0.0969,0.0082,2.567,-94.7,38.7,No
5.037,0.662,3.332,0.8851,0.4336,33.576,-40.2,59.2,Yes
4.892,1.627,7.916,1.9088,2.7331,111.965,-22.8,77.7,Yes
5.04,0.2,0.975,0.105,0.2175,4.791,-58.1,50.3,No
5.03,0.493,2.442,0.2892,0.1797,5.784,-75.6,51.5,No
5.047,0.027,0.14,0.0041,0.0104,0.5,-102.8,38.4,No
5.021,0.195,0.969,0.172,0.1969,2.567,-80.5,46.9,No
4.932,2.228,11.024,2.5223,2.0549,118.748,-19.7,76.3,Yes
5.029,0.223,1.168,0.1611,0.1384,6.928,-68.2,42.0,No
4.882,2.347,11.26,3.2725,3.3755,132.65,-15.2,88.1,Yes
5.064,0.152,0.77,0.1069,0.036,0.71,-85.7,31.5,No
5.049,0.028,0.157,0.1017,0.0545,3.048,-81.1,30.6,No
5.032,0.987,5.088,0.6748,0.7199,36.215,-35.3,56.4,No
4.988,0.668,3.353,0.6867,0.4627,19.701,-38.6,64.9,Yes
4.976,1.663,8.306,1.8158,1.7222,68.452,-33.9,66.6,Yes
5.012,0.379,1.871,0.2216,0.0409,1.123,-78.3,47.4,No
5.016,0.755,3.888,0.8277,0.8352,36.928,-45.7,61.8,No
5.03,0.379,1.932,0.21,0.0891,6.176,-71.6,41.5,No
4.98,1.879,9.361,1.9103,1.3166,92.92,-30.0,77.5,Yes
5.026,0.403,2.025,0.1104,0.0915,4.706,-85.1,39.5,No
4.99,0.999,4.967,0.7647,0.4681,14.377,-54.6,62.0,No
4.851,2.975,14.594,2.3187,3.7019,93.809,-30.7,84.3,Yes
4.915,2.168,10.619,2.5419,3.4026,104.237,-21.0,84.7,Yes
5.037,0.083,0.425,0.0629,0.0221,1.055,-89.6,38.4,No
5.037,0.197,0.988,0.1795,0.1403,6.956,-53.8,39.1,No
4.994,1.754,8.768,2.0855,2.0685,52.117,-41.2,68.2,Yes
5.008,0.948,4.728,0.4789,0.445,33.978,-65.0,59.6,No
5.029,0.496,2.455,0.3234,0.1898,6.416,-66.5,53.4,No
4.941,2.117,10.284,2.5518,3.2418,100.233,-15.5,74.7,Yes
4.99,0.469,2.325,0.1994,0.1943,6.927,-68.6,49.2,No
4.991,1.882,9.313,1.4201,1.2482,61.856,-39.5,70.0,Yes
5.021,0.689,3.232,0.7401,0.6096,19.502,-45.1,58.7,Yes
4.871,2.281,10.958,3.6004,3.0635,99.781,-12.7,93.4,Yes
5.049,0.069,0.343,0.0779,0.0528,0.765,-83.9,34.8,No
4.9,1.92,9.403,2.022,3.1699,98.65,-8.6,80.8,Yes
4.926,2.338,11.461,1.8713,2.2158,112.582,-15.5,87.8,Yes
5.05,0.141,0.704,0.081,0.0659,2.902,-86.3,40.0,No
4.944,1.889,9.416,1.2439,1.893,80.795,-55.2,73.7,Yes
5.01,0.489,2.396,0.308,0.155,7.588,-62.2,50.2,No
4.967,2.096,10.438,3.1414,2.2131,124.563,-15.5,81.5,Yes
5.035,0.661,3.262,0.5279,0.4689,40.017,-40.5,57.2,Yes
4.893,2.373,11.631,3.2518,3.1702,132.095,-13.9,81.3,Yes
5.054,0.351,1.815,0.1411,0.0619,5.074,-57.3,49.1,No
5.01,0.799,3.912,0.7554,0.6108,21.98,-45.7,61.8,No
5.026,1.092,5.55,0.3546,0.6287,35.749,-37.7,64.9,Yes
5.012,0.534,2.689,0.2754,0.1776,6.558,-55.9,49.9,No
4.868,2.412,11.818,2.4313,4.2566,118.475,-12.7,89.9,Yes
5.043,0.049,0.233,0.0132,0.0345,1.243,-90.4,39.4,No
5.008,0.938,4.759,0.7582,0.3879,35.839,-49.4,60.6,Yes
5.055,0.113,0.548,0.1219,0.0507,2.03,-79.2,35.5,No
4.931,1.954,9.592,3.5408,4.3683,121.899,-14.3,83.5,Yes
5.043,0.291,1.462,0.1159,0.2066,5.912,-70.6,43.9,No
5.037,0.823,4.223,0.8075,0.3651,10.41,-36.0,59.3,Yes
4.866,2.451,11.79,2.8265,3.1041,98.45,-13.9,86.0,Yes
5.0,1.793,8.98,1.9953,1.1947,59.828,-28.7,75.7,Yes
5.036,0.155,0.776,0.2136,0.1769,1.737,-63.6,44.9,No
5.064,0.053,0.282,0.1006,0.0597,3.057,-83.1,34.8,No
5.04,0.698,3.564,0.7584,0.3155,30.598,-44.4,62.5,Yes
5.052,0.209,1.1,0.1993,0.081,7.45,-75.0,36.8,No
4.932,2.078,10.224,1.9622,3.0201,116.44,-29.0,73.7,Yes
5.035,0.023,0.119,0.042,0.0188,2.173,-83.8,32.1,No
5.044,0.026,0.13,0.0658,0.0132,2.057,-93.8,41.9,No
5.005,0.446,2.247,0.2695,0.2709,6.023,-61.7,44.0,No
4.957,2.17,10.586,2.5626,2.0526,141.365,-15.1,79.6,Yes
5.024,0.431,2.148,0.1,0.0568,2.68,-72.9,44.3,No
5.036,0.46,2.278,0.2369,0.2494,7.748,-57.9,50.5,No
4.951,1.547,7.667,1.5775,1.5495,82.749,-55.0,71.1,Yes
5.018,1.281,6.443,0.7729,0.4369,11.364,-43.6,59.6,Yes
4.988,0.936,4.711,0.8791,0.5672,15.89,-41.5,65.4,No
4.937,1.575,7.785,3.077,2.202,139.99,-14.1,79.3,Yes
5.062,0.43,2.223,0.0995,0.0628,6.467,-71.1,38.8,No
4.905,2.481,12.137,2.3374,3.4375,79.525,-21.8,85.0,Yes
5.031,0.171,0.844,0.0216,0.0456,2.682,-83.3,30.0,No
5.01,0.707,3.606,0.7835,0.3787,28.684,-57.7,53.9,Yes
4.953,1.592,7.913,2.8764,3.0926,128.978,-30.3,81.3,Yes
5.031,0.768,3.908,0.7573,0.4115,41.591,-43.8,58.9,No
5.057,0.074,0.409,0.0498,0.0031,2.224,-97.1,36.5,No
4.991,0.506,2.517,0.3157,0.1844,7.162,-58.6,52.3,No
5.051,0.144,0.723,0.093,0.0427,0.75,-99.7,38.1,No
4.96,2.047,10.293,2.5208,2.4294,116.48,-21.3,77.1,Yes
5.02,0.775,3.914,0.606,0.6863,27.065,-40.8,67.6,No
5.001,0.306,1.526,0.0867,0.0631,2.834,-82.8,38.1,No
5.083,0.266,1.361,0.0726,0.117,3.998,-71.1,44.2,No
5.004,0.481,2.439,0.3133,0.1575,6.852,-70.4,50.2,No
5.01,0.194,0.992,0.1018,0.1915,1.515,-76.9,45.9,No
